2017-01-01 00:58:48,"59,3","5,9","7,5"
2017-01-01 01:28:48,"59,6","5,9","7,5"
2017-01-01 01:58:48,"59,6","5,9","7,5"
2017-01-01 02:28:48,"59,6","5,9","7,5"
2017-01-01 02:58:48,"59,6","5,9","7,4"
2017-01-01 03:28:48,"59,3","5,9","7,4"
2017-01-01 03:58:48,"59,6","5,9","7,4"
2017-01-01 04:28:48,"59,6","5,9","7,4"
2017-01-01 04:58:48,"59,6","5,9","7,4"
2017-01-01 05:28:48,"59,6","5,9","7,3"
2017-01-01 05:58:48,"59,6","5,9","7,3"
2017-01-01 06:28:48,"59,6","5,9","7,3"
2017-01-01 06:58:48,"59,6","5,9","7,3"
2017-01-01 07:28:48,"60,2","5,9","7,2"
2017-01-01 07:58:48,"59,6","5,9","7,2"
2017-01-01 08:28:48,"59,6","5,9","7,2"
2017-01-01 08:58:48,"60,2","5,9","7,2"
2017-01-01 09:28:48,"59,6","5,9","7,2"
2017-01-01 09:58:48,"59,6","5,9","7,2"
2017-01-01 10:28:48,"60,2","5,9","7,2"
2017-01-01 10:58:48,"60,2","5,9","7,2"
2017-01-01 11:28:48,"59,6","5,9","7,2"
2017-01-01 11:58:48,"60,2","5,9","7,2"
2017-01-01 12:28:48,"59,6","5,9","7,2"
2017-01-01 12:58:48,"60,2","5,9","7,2"
2017-01-01 13:28:48,"59,6","5,9","7,2"
2017-01-01 13:58:48,"59,6","5,9","7,2"
2017-01-01 14:28:48,"59,6","5,9","7,3"
2017-01-01 14:58:48,"59,6","5,9","7,3"
2017-01-01 15:28:48,"59,6","5,9","7,3"
2017-01-01 15:58:48,"59,6","5,9","7,3"
2017-01-01 16:28:48,"59,6","5,9","7,4"
2017-01-01 16:58:48,"59,6","5,9","7,4"
2017-01-01 17:28:48,"59,6","5,9","7,4"
2017-01-01 17:58:48,"59,6","5,9","7,4"
2017-01-01 18:28:48,"59,6","5,9","7,4"
2017-01-01 18:58:48,"59,6","5,9","7,4"
2017-01-01 19:28:48,"59,6","5,9","7,4"
2017-01-01 19:58:48,"60,6","5,9","7,4"
2017-01-01 20:28:48,"60,2","5,9","7,4"
2017-01-01 20:58:48,"60,2","5,9","7,4"
2017-01-01 21:28:48,"60,2","5,9","7,3"
2017-01-01 21:58:48,"60,6","5,9","7,3"
2017-01-01 22:28:48,"60,2","5,9","7,3"
2017-01-01 22:58:48,"60,2","5,9","7,2"
2017-01-01 23:28:48,"60,2","5,9","7,2"
2017-01-01 23:58:48,"60,2","5,9","7,2"
2017-01-02 00:28:48,"60,5","5,9","7,2"
2017-01-02 00:58:48,"60,2","5,9","7,2"
2017-01-02 01:28:48,"60,2","5,9","7,2"
2017-01-02 01:58:48,"60,2","5,9","7,1"
2017-01-02 02:28:48,"60,2","5,9","7,1"
2017-01-02 02:58:48,"60,2","5,9","7,1"
2017-01-02 03:28:48,"60,1","5,9","7,1"
2017-01-02 03:58:48,"60,1","5,9",7
2017-01-02 04:28:48,"60,1","5,9",7
2017-01-02 04:58:48,"60,1","5,9",7
2017-01-02 05:28:48,"60,1","5,9",7
2017-01-02 05:58:48,"60,1","5,9",7
2017-01-02 06:28:48,"60,5","5,9","6,9"
2017-01-02 06:58:48,"60,5","5,9","6,9"
2017-01-02 07:28:48,"60,1","5,9","6,8"
2017-01-02 07:58:48,"60,1","5,9","6,8"
2017-01-02 08:28:48,"60,1","5,9","6,8"
2017-01-02 08:58:48,"60,1","5,9","6,8"
2017-01-02 09:28:48,"60,1","5,9","6,8"
2017-01-02 09:58:48,"60,1","5,9","6,8"
2017-01-02 10:28:48,"60,1","5,9","6,8"
2017-01-02 10:58:48,"60,1","5,9","6,8"
2017-01-02 11:28:48,"59,5","5,9","6,9"
2017-01-02 11:58:48,"59,5","5,9","6,9"
2017-01-02 12:28:48,"59,6","5,9","6,9"
2017-01-02 12:58:48,"59,6","5,9",7
2017-01-02 13:28:48,"59,6","5,9",7
2017-01-02 13:58:48,"59,6","5,9",7
2017-01-02 14:28:48,"59,6","5,9",7
2017-01-02 14:58:48,"59,6","5,9","7,1"
2017-01-02 15:28:48,"59,6","5,9","7,1"
2017-01-02 15:58:48,"59,6","5,9","7,1"
2017-01-02 16:28:48,"59,6","5,9","7,1"
2017-01-02 16:58:48,"60,2","5,9","7,1"
2017-01-02 17:28:48,"60,2","5,9","7,1"
2017-01-02 17:58:48,"60,2","5,9","7,2"
2017-01-02 18:28:48,"60,2","5,9","7,1"
2017-01-02 18:58:48,"60,2","5,9","7,2"
2017-01-02 19:28:48,"60,5","5,9","7,2"
2017-01-02 19:58:48,"60,5","5,9","7,1"
2017-01-02 20:28:48,"60,5","5,9","7,1"
2017-01-02 20:58:48,"60,5","5,9","7,1"
2017-01-02 21:28:48,"60,5","5,9","7,1"
2017-01-02 21:58:48,"60,5","5,9","7,1"
2017-01-02 22:28:48,"60,5","5,9","7,1"
2017-01-02 22:58:48,"60,5","5,9","7,1"
2017-01-02 23:28:48,"60,5","5,9","7,1"
2017-01-02 23:58:48,"60,5","5,9","7,1"
2017-01-03 00:28:48,"60,5","5,9","7,1"
2017-01-03 00:58:48,"60,5","5,9","7,1"
2017-01-03 01:28:48,"60,5","5,9","7,1"
2017-01-03 01:58:48,"60,5","5,9","7,1"
2017-01-03 02:28:48,"60,5","5,9","7,1"
2017-01-03 02:58:48,"60,5","5,9","7,1"
2017-01-03 03:28:48,"60,5","5,9",7
2017-01-03 03:58:48,"60,5","5,9",7
2017-01-03 04:28:48,"60,5","5,9","7,1"
2017-01-03 04:58:48,"60,5","5,9","7,1"
2017-01-03 05:28:48,"60,5","5,9","7,1"
2017-01-03 05:58:48,"60,5","5,9","7,1"
2017-01-03 06:28:48,"60,5","5,9","7,1"
2017-01-03 06:58:48,"60,5","5,9","7,1"
2017-01-03 07:28:48,"60,5","5,9","7,2"
2017-01-03 07:58:48,"60,5","5,9","7,2"
2017-01-03 08:28:48,"60,5","5,9","7,2"
2017-01-03 08:58:48,"60,5","5,9","7,2"
2017-01-03 09:28:48,"60,5","5,9","7,2"
2017-01-03 09:58:48,"60,5","5,9","7,2"
2017-01-03 10:28:48,"60,5","5,9","7,2"
2017-01-03 10:58:48,"60,5","5,9","7,2"
2017-01-03 11:28:48,"60,5","5,9","7,2"
2017-01-03 11:58:48,"60,6","5,9","7,2"
2017-01-03 12:28:48,"60,6","5,9","7,3"
2017-01-03 12:58:48,"60,6","5,9","7,3"
2017-01-03 13:28:48,"60,6","5,9","7,3"
2017-01-03 13:58:48,"60,6","5,9","7,3"
2017-01-03 14:28:48,"60,6","5,9","7,3"
2017-01-03 14:58:48,"60,6","5,9","7,3"
2017-01-03 15:28:48,"60,6","5,9","7,3"
2017-01-03 15:58:48,"60,6","5,9","7,3"
2017-01-03 16:28:48,"60,6","5,9","7,4"
2017-01-03 16:58:48,"60,6","5,9","7,4"
2017-01-03 17:28:48,"60,6","5,9","7,4"
2017-01-03 17:58:48,"60,6","5,9","7,3"
2017-01-03 18:28:48,"60,6","5,9","7,4"
2017-01-03 18:58:48,"60,6","5,9","7,3"
2017-01-03 19:28:48,"60,6","5,9","7,3"
2017-01-03 19:58:48,"60,2","5,9","7,3"
2017-01-03 20:28:48,"60,2","5,9","7,3"
2017-01-03 20:58:48,"60,2","5,9","7,3"
2017-01-03 21:28:48,"60,2","5,9","7,3"
2017-01-03 21:58:48,"59,6","5,9","7,3"
2017-01-03 22:28:48,"59,6","5,9","7,3"
2017-01-03 22:58:48,"59,6","5,9","7,3"
2017-01-03 23:28:48,"59,6","5,9","7,2"
2017-01-03 23:58:48,"59,6","5,9","7,2"
2017-01-04 00:28:48,"60,2","5,9","7,2"
2017-01-04 00:58:48,"59,6","5,9","7,2"
2017-01-04 01:28:48,"59,6","5,9","7,2"
2017-01-04 01:58:48,"60,2","5,9","7,2"
2017-01-04 02:28:48,"59,6","5,9","7,2"
2017-01-04 02:58:48,"60,2","5,9","7,2"
2017-01-04 03:28:48,"59,6","5,9","7,2"
2017-01-04 03:58:48,"60,2","5,9","7,1"
2017-01-04 04:28:48,"60,2","5,9","7,1"
2017-01-04 04:58:48,"60,2","5,9","7,1"
2017-01-04 05:28:48,"60,1","5,9","7,1"
2017-01-04 05:58:48,"59,6","5,9",7
2017-01-04 06:28:48,"60,1","5,9",7
2017-01-04 06:58:48,"59,6","5,9",7
2017-01-04 07:28:48,"59,5","5,9",7
2017-01-04 07:58:48,"60,1","5,9","6,9"
2017-01-04 08:28:48,"59,5","5,9","6,9"
2017-01-04 08:58:48,"60,1","5,9","6,9"
2017-01-04 09:28:48,"59,5","5,9","6,9"
2017-01-04 09:58:48,"60,1","5,9","6,9"
2017-01-04 10:28:48,"59,5","5,9","6,9"
2017-01-04 10:58:48,"60,1","5,9","6,9"
2017-01-04 11:28:48,"59,5","5,9","6,8"
2017-01-04 11:58:48,"59,5","5,9","6,9"
2017-01-04 12:28:48,"59,5","5,9","6,9"
2017-01-04 12:58:48,"59,5","5,9","6,9"
2017-01-04 13:28:48,"59,5","5,9","6,9"
2017-01-04 13:58:48,"59,5","5,9","6,9"
2017-01-04 14:28:48,"59,6","5,9","6,9"
2017-01-04 14:58:48,"59,6","5,9",7
2017-01-04 15:28:48,"59,6","5,9",7
2017-01-04 15:58:48,"59,6","5,9",7
2017-01-04 16:28:48,"59,6","5,9",7
2017-01-04 16:58:48,"59,6","5,9",7
2017-01-04 17:28:48,"59,6","5,9",7
2017-01-04 17:58:48,"60,1","5,9",7
2017-01-04 18:28:48,"59,6","5,9",7
2017-01-04 18:58:48,"59,6","5,9",7
2017-01-04 19:28:48,"59,5","5,9",7
2017-01-04 19:58:48,"60,1","5,9","6,9"
2017-01-04 20:28:48,"60,1","5,9","6,9"
2017-01-04 20:58:48,"59,5","5,9","6,8"
2017-01-04 21:28:48,"59,5","5,9","6,9"
2017-01-04 21:58:48,"59,5","5,9","6,9"
2017-01-04 22:28:48,"60,1","5,9","6,8"
2017-01-04 22:58:48,"60,1","5,9","6,8"
2017-01-04 23:28:48,"59,5","5,9","6,8"
2017-01-04 23:58:48,"59,5","5,9","6,8"
2017-01-05 00:28:48,"60,1","5,9","6,8"
2017-01-05 00:58:48,"60,1","5,9","6,8"
2017-01-05 01:28:48,"59,5","5,9","6,8"
2017-01-05 01:58:48,"59,5","5,9","6,8"
2017-01-05 02:28:48,"59,5","5,9","6,8"
2017-01-05 02:58:48,"60,1","5,9","6,8"
2017-01-05 03:28:48,"59,5","5,9","6,8"
2017-01-05 03:58:48,"59,5","5,9","6,8"
2017-01-05 04:28:48,"59,5","5,9","6,8"
2017-01-05 04:58:48,"60,1","5,9","6,8"
2017-01-05 05:28:48,"59,5","5,9","6,7"
2017-01-05 05:58:48,"60,1","5,9","6,7"
2017-01-05 06:28:48,"60,1","5,9","6,7"
2017-01-05 06:58:48,"59,5","5,9","6,7"
2017-01-05 07:28:48,"60,1","5,9","6,6"
2017-01-05 07:58:48,"60,1","5,9","6,6"
2017-01-05 08:28:48,"60,1","5,9","6,6"
2017-01-05 08:58:48,"59,5","5,9","6,6"
2017-01-05 09:28:48,"59,5","5,9","6,6"
2017-01-05 09:58:48,"59,5","5,9","6,7"
2017-01-05 10:28:48,"59,5","5,9","6,7"
2017-01-05 10:58:48,"59,5","5,9","6,7"
2017-01-05 11:28:48,"59,5","5,9","6,8"
2017-01-05 11:58:48,"60,1","5,9","6,8"
2017-01-05 12:28:48,"60,1","5,9","6,8"
2017-01-05 12:58:48,"60,1","5,9","6,8"
2017-01-05 13:28:48,"60,1","5,9","6,9"
2017-01-05 13:58:48,"59,5","5,9","6,9"
2017-01-05 14:28:48,"60,1","5,9","6,9"
2017-01-05 14:58:48,"60,1","5,9","6,9"
2017-01-05 15:28:48,"60,1","5,9","6,9"
2017-01-05 15:58:48,"60,1","5,9",7
2017-01-05 16:28:48,"60,1","5,9",7
2017-01-05 16:58:48,"60,1","5,9",7
2017-01-05 17:28:48,"59,5","5,9",7
2017-01-05 17:58:48,"60,1","5,9","6,9"
2017-01-05 18:28:48,"60,5","5,9","6,9"
2017-01-05 18:58:48,"60,1","5,9","6,9"
2017-01-05 19:28:48,"60,5","5,9","6,8"
2017-01-05 19:58:48,"60,5","5,9","6,8"
2017-01-05 20:28:48,"60,5","5,9","6,8"
2017-01-05 20:58:48,"60,1","5,9","6,8"
2017-01-05 21:28:48,"60,1","5,9","6,8"
2017-01-05 21:58:48,"60,1","5,9","6,8"
2017-01-05 22:28:48,"60,1","5,9","6,8"
2017-01-05 22:58:48,"60,5","5,9","6,7"
2017-01-05 23:28:48,"60,1","5,9","6,7"
2017-01-05 23:58:48,"60,1","5,9","6,7"
2017-01-06 00:28:48,"60,1","5,9","6,7"
2017-01-06 00:58:48,"60,5","5,9","6,7"
2017-01-06 01:28:48,"60,5","5,9","6,6"
2017-01-06 01:58:48,"60,5","5,9","6,6"
2017-01-06 02:28:48,"60,5","5,9","6,6"
2017-01-06 02:58:48,"60,4","5,9","6,6"
2017-01-06 03:28:48,"60,4","5,9","6,5"
2017-01-06 03:58:48,"60,4","5,9","6,5"
2017-01-06 04:28:48,"60,4","5,9","6,4"
2017-01-06 04:58:48,"60,4","5,9","6,4"
2017-01-06 05:28:48,"60,4","5,9","6,4"
2017-01-06 05:58:48,"60,9","5,9","6,4"
2017-01-06 06:28:48,"60,9","5,9","6,3"
2017-01-06 06:58:48,"60,4","5,9","6,3"
2017-01-06 07:28:48,"60,4","5,9","6,2"
2017-01-06 07:58:48,"60,4","5,9","6,2"
2017-01-06 08:28:48,"60,4","5,9","6,1"
2017-01-06 08:58:48,"60,4","5,9",6
2017-01-06 09:28:48,"60,4","5,9",6
2017-01-06 09:58:48,"60,4","5,9",6
2017-01-06 10:28:48,"60,8","5,9",6
2017-01-06 10:58:48,"60,8","5,9",6
2017-01-06 11:28:48,"60,4","5,9",6
2017-01-06 11:58:48,"60,9","5,9",6
2017-01-06 12:28:48,"60,8","5,9","6,1"
2017-01-06 12:58:48,"61,2","5,9",6
2017-01-06 13:28:48,"61,2","5,9","6,1"
2017-01-06 13:58:48,"61,2","5,9",6
2017-01-06 14:28:48,"61,8","5,9","6,1"
2017-01-06 14:58:48,"61,8","5,9",6
2017-01-06 15:28:48,"61,2","5,9",6
2017-01-06 15:58:48,"61,2","5,9","6,1"
2017-01-06 16:28:48,"61,2","5,9","6,1"
2017-01-06 16:58:48,"61,2","5,9","6,1"
2017-01-06 17:28:48,"61,2","5,9","6,1"
2017-01-06 17:58:48,"61,2","5,9","6,1"
2017-01-06 18:28:48,"61,2","5,9","6,1"
2017-01-06 18:58:48,"61,8","5,9","6,1"
2017-01-06 19:28:48,"61,8","5,9",6
2017-01-06 19:58:48,"61,8","5,9",6
2017-01-06 20:28:48,"61,8","5,9",6
2017-01-06 20:58:48,"61,7","5,9","5,9"
2017-01-06 21:28:48,"61,7","5,9","5,8"
2017-01-06 21:58:48,"61,7","5,9","5,8"
2017-01-06 22:28:48,"61,7","5,9","5,7"
2017-01-06 22:58:48,"61,7","5,9","5,7"
2017-01-06 23:28:48,"61,1","5,9","5,6"
2017-01-06 23:58:48,"61,7","5,9","5,6"
2017-01-07 00:28:48,"61,1","5,9","5,6"
2017-01-07 00:58:48,"61,1","5,9","5,6"
2017-01-07 01:28:48,"61,1","5,9","5,5"
2017-01-07 01:58:48,"61,7","5,9","5,5"
2017-01-07 02:28:48,"61,7","5,9","5,5"
2017-01-07 02:58:48,"61,1","5,9","5,5"
2017-01-07 03:28:48,"61,7","5,9","5,4"
2017-01-07 03:58:48,"61,1","5,9","5,4"
2017-01-07 04:28:48,"61,1","5,9","5,3"
2017-01-07 04:58:48,"61,1","5,9","5,3"
2017-01-07 05:28:48,"61,1","5,9","5,2"
2017-01-07 05:58:48,"61,1","5,9","5,2"
2017-01-07 06:28:48,61,"5,9","5,2"
2017-01-07 06:58:48,61,"5,9","5,1"
2017-01-07 07:28:48,61,"5,9","5,1"
2017-01-07 07:58:48,61,"5,9",5
2017-01-07 08:28:48,61,"5,9",5
2017-01-07 08:58:48,"61,6","5,9",5
2017-01-07 09:28:48,"61,6","5,9",5
2017-01-07 09:58:48,"61,6","5,9",5
2017-01-07 10:28:48,61,"5,9",5
2017-01-07 10:58:48,61,"5,9",5
2017-01-07 11:28:48,61,"5,9","5,1"
2017-01-07 11:58:48,61,"5,9","5,1"
2017-01-07 12:28:48,61,"5,9","5,1"
2017-01-07 12:58:48,"61,6","5,9","5,1"
2017-01-07 13:28:48,"61,6","5,8","5,1"
2017-01-07 13:58:48,"61,6","5,8","5,1"
2017-01-07 14:28:48,62,"5,8","5,1"
2017-01-07 14:58:48,"61,6","5,9","5,1"
2017-01-07 15:28:48,"61,1","5,9","5,1"
2017-01-07 15:58:48,"61,1","5,9","5,2"
2017-01-07 16:28:48,"61,1","5,8","5,2"
2017-01-07 16:58:48,"61,1","5,9","5,2"
2017-01-07 17:28:48,"61,1","5,8","5,2"
2017-01-07 17:58:48,"61,6","5,8","5,2"
2017-01-07 18:28:48,62,"5,9","5,2"
2017-01-07 18:58:48,62,"5,9","5,2"
2017-01-07 19:28:48,"62,5","5,9","5,2"
2017-01-07 19:58:48,"62,8","5,9","5,1"
2017-01-07 20:28:48,"62,8","5,8","5,1"
2017-01-07 20:58:48,"62,8","5,8","5,1"
2017-01-07 21:28:48,"62,8","5,8","5,1"
2017-01-07 21:58:48,"62,8","5,8","5,1"
2017-01-07 22:28:48,"62,8","5,8",5
2017-01-07 22:58:48,"62,8","5,8",5
2017-01-07 23:28:48,"63,2","5,8","4,9"
2017-01-07 23:58:48,"62,8","5,8","4,9"
2017-01-08 00:28:48,"63,2","5,8","4,9"
2017-01-08 00:58:48,"62,8","5,8","4,9"
2017-01-08 01:28:48,"63,2","5,8","4,8"
2017-01-08 01:58:48,"63,2","5,8","4,8"
2017-01-08 02:28:48,"63,2","5,8","4,8"
2017-01-08 02:58:48,"63,2","5,8","4,8"
2017-01-08 03:28:48,"63,2","5,8","4,7"
2017-01-08 03:58:48,"63,2","5,8","4,7"
2017-01-08 04:28:48,"62,8","5,8","4,7"
2017-01-08 04:58:48,"62,8","5,8","4,7"
2017-01-08 05:28:48,"62,8","5,8","4,7"
2017-01-08 05:58:48,"62,8","5,8","4,6"
2017-01-08 06:28:48,"62,8","5,8","4,6"
2017-01-08 06:58:48,"63,1","5,8","4,6"
2017-01-08 07:28:48,"63,1","5,8","4,5"
2017-01-08 07:58:48,"63,1","5,8","4,5"
2017-01-08 08:28:48,"63,1","5,8","4,4"
2017-01-08 08:58:48,"62,7","5,8","4,4"
2017-01-08 09:28:48,"62,7","5,8","4,4"
2017-01-08 09:58:48,"62,7","5,8","4,4"
2017-01-08 10:28:48,"63,1","5,8","4,4"
2017-01-08 10:58:48,"63,1","5,8","4,4"
2017-01-08 11:28:48,"62,3","5,8","4,4"
2017-01-08 11:58:48,"62,7","5,8","4,4"
2017-01-08 12:28:48,"62,7","5,8","4,4"
2017-01-08 12:58:48,"63,1","5,8","4,4"
2017-01-08 13:28:48,"63,7","5,8","4,5"
2017-01-08 13:58:48,"63,7","5,8","4,4"
2017-01-08 14:28:48,"63,7","5,8","4,5"
2017-01-08 14:58:48,"63,7","5,8","4,5"
2017-01-08 15:28:48,"63,1","5,8","4,5"
2017-01-08 15:58:48,"62,8","5,8","4,5"
2017-01-08 16:28:48,"62,4","5,8","4,6"
2017-01-08 16:58:48,"62,4","5,8","4,6"
2017-01-08 17:28:48,"62,8","5,8","4,6"
2017-01-08 17:58:48,"62,8","5,8","4,6"
2017-01-08 18:28:48,"63,1","5,8","4,6"
2017-01-08 18:58:48,"63,1","5,8","4,6"
2017-01-08 19:28:48,"63,7","5,8","4,6"
2017-01-08 19:58:48,"63,7","5,8","4,5"
2017-01-08 20:28:48,"63,7","5,8","4,5"
2017-01-08 20:58:48,"63,7","5,8","4,5"
2017-01-08 21:28:48,"63,7","5,8","4,5"
2017-01-08 21:58:48,"63,7","5,8","4,5"
2017-01-08 22:28:48,"63,7","5,8","4,5"
2017-01-08 22:58:48,64,"5,8","4,4"
2017-01-08 23:28:48,64,"5,8","4,4"
2017-01-08 23:58:48,"63,7","5,8","4,4"
2017-01-09 00:28:48,64,"5,8","4,4"
2017-01-09 00:58:48,64,"5,8","4,4"
2017-01-09 01:28:48,64,"5,8","4,4"
2017-01-09 01:58:48,64,"5,8","4,4"
2017-01-09 02:28:48,64,"5,8","4,3"
2017-01-09 02:58:48,64,"5,8","4,3"
2017-01-09 03:28:48,64,"5,8","4,3"
2017-01-09 03:58:48,64,"5,8","4,3"
2017-01-09 04:28:48,"64,5","5,8","4,3"
2017-01-09 04:58:48,64,"5,8","4,3"
2017-01-09 05:28:48,64,"5,8","4,2"
2017-01-09 05:58:48,64,"5,8","4,2"
2017-01-09 06:28:48,64,"5,8","4,2"
2017-01-09 06:58:48,64,"5,8","4,2"
2017-01-09 07:28:48,64,"5,8","4,1"
2017-01-09 07:58:48,64,"5,8","4,1"
2017-01-09 08:28:48,"63,6","5,8","4,1"
2017-01-09 08:58:48,"63,1","5,8","4,1"
2017-01-09 09:28:48,"62,7","5,8","4,1"
2017-01-09 09:58:48,"62,3","5,8","4,2"
2017-01-09 10:28:48,"62,3","5,8","4,2"
2017-01-09 10:58:48,"61,9","5,8","4,2"
2017-01-09 11:28:48,"61,5","5,8","4,2"
2017-01-09 11:58:48,"61,9","5,8","4,3"
2017-01-09 12:28:48,"61,9","5,8","4,3"
2017-01-09 12:58:48,"61,9","5,8","4,3"
2017-01-09 13:28:48,"61,5","5,8","4,3"
2017-01-09 13:58:48,"61,5","5,8","4,3"
2017-01-09 14:28:48,"61,5","5,8","4,4"
2017-01-09 14:58:48,"61,5","5,8","4,4"
2017-01-09 15:28:48,"61,5","5,8","4,4"
2017-01-09 15:58:48,"61,5","5,8","4,4"
2017-01-09 16:28:48,"60,9","5,8","4,4"
2017-01-09 16:58:48,"60,9","5,8","4,5"
2017-01-09 17:28:48,"60,6","5,8","4,5"
2017-01-09 17:58:48,"60,6","5,8","4,5"
2017-01-09 18:28:48,"60,6","5,8","4,5"
2017-01-09 18:58:48,"60,6","5,8","4,6"
2017-01-09 19:28:48,"60,9","5,8","4,5"
2017-01-09 19:58:48,"60,9","5,8","4,5"
2017-01-09 20:28:48,"60,9","5,8","4,5"
2017-01-09 20:58:48,"60,9","5,8","4,5"
2017-01-09 21:28:48,"60,9","5,8","4,5"
2017-01-09 21:58:48,"60,9","5,8","4,5"
2017-01-09 22:28:48,"60,9","5,8","4,5"
2017-01-09 22:58:48,"60,9","5,8","4,5"
2017-01-09 23:28:48,"60,9","5,8","4,5"
2017-01-09 23:58:48,"60,9","5,8","4,5"
2017-01-10 00:28:48,"60,6","5,8","4,5"
2017-01-10 00:58:48,"60,6","5,8","4,6"
2017-01-10 01:28:48,"60,1","5,8","4,6"
2017-01-10 01:58:48,"60,1","5,8","4,6"
2017-01-10 02:28:48,"60,6","5,8","4,6"
2017-01-10 02:58:48,"60,6","5,8","4,6"
2017-01-10 03:28:48,"60,6","5,8","4,7"
2017-01-10 03:58:48,"60,6","5,8","4,7"
2017-01-10 04:28:48,"60,6","5,8","4,7"
2017-01-10 04:58:48,"60,6","5,8","4,7"
2017-01-10 05:28:48,"60,6","5,8","4,7"
2017-01-10 05:58:48,"60,6","5,8","4,7"
2017-01-10 06:28:48,"60,6","5,8","4,7"
2017-01-10 06:58:48,"60,6","5,8","4,7"
2017-01-10 07:28:48,"60,6","5,8","4,7"
2017-01-10 07:58:48,"60,1","5,8","4,7"
2017-01-10 08:28:48,61,"5,8","4,7"
2017-01-10 08:58:48,61,"5,8","4,6"
2017-01-10 09:28:48,"60,6","5,8","4,7"
2017-01-10 09:58:48,61,"5,8","4,7"
2017-01-10 10:28:48,"60,6","5,8","4,7"
2017-01-10 10:58:48,"60,6","5,8","4,7"
2017-01-10 11:28:48,"60,6","5,8","4,7"
2017-01-10 11:58:48,"60,2","5,8","4,8"
2017-01-10 12:28:48,"60,6","5,8","4,8"
2017-01-10 12:58:48,"60,6","5,8","4,8"
2017-01-10 13:28:48,61,"5,8","4,8"
2017-01-10 13:58:48,"60,6","5,8","4,8"
2017-01-10 14:28:48,"60,6","5,8","4,8"
2017-01-10 14:58:48,"60,6","5,8","4,8"
2017-01-10 15:28:48,"60,6","5,8","4,8"
2017-01-10 15:58:48,"60,6","5,8","4,8"
2017-01-10 16:28:48,"60,6","5,8","4,8"
2017-01-10 16:58:48,"60,6","5,8","4,8"
2017-01-10 17:28:48,"60,2","5,8","4,8"
2017-01-10 17:58:48,"60,6","5,8","4,8"
2017-01-10 18:28:48,"60,6","5,8","4,8"
2017-01-10 18:58:48,"60,6","5,8","4,8"
2017-01-10 19:28:48,"60,2","5,8","4,8"
2017-01-10 19:58:48,"60,6","5,8","4,8"
2017-01-10 20:28:48,"60,6","5,8","4,8"
2017-01-10 20:58:48,"60,6","5,8","4,8"
2017-01-10 21:28:48,"60,6","5,8","4,8"
2017-01-10 21:58:48,"60,6","5,8","4,8"
2017-01-10 22:28:48,"60,6","5,8","4,8"
2017-01-10 22:58:48,"60,2","5,8","4,8"
2017-01-10 23:28:48,"60,6","5,8","4,8"
2017-01-10 23:58:48,"60,6","5,8","4,8"
2017-01-11 00:28:48,"60,6","5,8","4,8"
2017-01-11 00:58:48,"60,6","5,8","4,7"
2017-01-11 01:28:48,"60,6","5,8","4,7"
2017-01-11 01:58:48,"60,6","5,8","4,7"
2017-01-11 02:28:48,"60,6","5,8","4,7"
2017-01-11 02:58:48,"60,6","5,8","4,6"
2017-01-11 03:28:48,"60,6","5,8","4,6"
2017-01-11 03:58:48,"60,6","5,8","4,6"
2017-01-11 04:28:48,"60,6","5,8","4,6"
2017-01-11 04:58:48,"60,6","5,8","4,6"
2017-01-11 05:28:48,"60,6","5,8","4,5"
2017-01-11 05:58:48,"60,9","5,8","4,4"
2017-01-11 06:28:48,"60,9","5,8","4,4"
2017-01-11 06:58:48,"60,9","5,8","4,4"
2017-01-11 07:28:48,"60,6","5,8","4,4"
2017-01-11 07:58:48,"60,6","5,8","4,4"
2017-01-11 08:28:48,"60,9","5,8","4,3"
2017-01-11 08:58:48,"60,6","5,8","4,4"
2017-01-11 09:28:48,"60,1","5,8","4,3"
2017-01-11 09:58:48,"60,1","5,8","4,3"
2017-01-11 10:28:48,"60,1","5,8","4,4"
2017-01-11 10:58:48,"60,1","5,8","4,4"
2017-01-11 11:28:48,"60,1","5,8","4,4"
2017-01-11 11:58:48,"60,1","5,8","4,4"
2017-01-11 12:28:48,"60,1","5,8","4,4"
2017-01-11 12:58:48,"60,1","5,8","4,4"
2017-01-11 13:28:48,"60,6","5,8","4,4"
2017-01-11 13:58:48,"60,1","5,8","4,4"
2017-01-11 14:28:48,"60,1","5,8","4,4"
2017-01-11 14:58:48,"60,1","5,8","4,4"
2017-01-11 15:28:48,"60,6","5,8","4,4"
2017-01-11 15:58:48,"60,6","5,8","4,4"
2017-01-11 16:28:48,"60,6","5,8","4,4"
2017-01-11 16:58:48,"60,6","5,8","4,4"
2017-01-11 17:28:48,"60,6","5,8","4,5"
2017-01-11 17:58:48,"60,6","5,8","4,5"
2017-01-11 18:28:48,"60,6","5,8","4,4"
2017-01-11 18:58:48,"60,6","5,8","4,4"
2017-01-11 19:28:48,"60,6","5,8","4,4"
2017-01-11 19:58:48,"60,9","5,8","4,4"
2017-01-11 20:28:48,"60,9","5,8","4,4"
2017-01-11 20:58:48,"60,6","5,8","4,4"
2017-01-11 21:28:48,"60,9","5,8","4,4"
2017-01-11 21:58:48,"60,9","5,8","4,4"
2017-01-11 22:28:48,"60,6","5,8","4,4"
2017-01-11 22:58:48,"60,9","5,8","4,4"
2017-01-11 23:28:48,"60,9","5,8","4,3"
2017-01-11 23:58:48,"60,9","5,8","4,3"
2017-01-12 00:28:48,"60,9","5,8","4,3"
2017-01-12 00:58:48,"60,5","5,8","4,3"
2017-01-12 01:28:48,"60,9","5,8","4,2"
2017-01-12 01:58:48,"60,1","5,8","4,2"
2017-01-12 02:28:48,"59,7","5,8","4,2"
2017-01-12 02:58:48,"60,1","5,8","4,2"
2017-01-12 03:28:48,"59,1","5,8","4,2"
2017-01-12 03:58:48,"58,7","5,8","4,2"
2017-01-12 04:28:48,"58,2","5,8","4,2"
2017-01-12 04:58:48,"58,7","5,8","4,1"
2017-01-12 05:28:48,"58,2","5,8","4,1"
2017-01-12 05:58:48,"57,8","5,8","4,1"
2017-01-12 06:28:48,"57,3","5,8","4,1"
2017-01-12 06:58:48,"56,9","5,8",4
2017-01-12 07:28:48,"56,3","5,8",4
2017-01-12 07:58:48,"56,3","5,8",4
2017-01-12 08:28:48,"56,3","5,8",4
2017-01-12 08:58:48,"56,9","5,8",4
2017-01-12 09:28:48,"56,9","5,8",4
2017-01-12 09:58:48,"56,9","5,8","4,1"
2017-01-12 10:28:48,"56,4","5,8","4,1"
2017-01-12 10:58:48,"56,4","5,8","4,2"
2017-01-12 11:28:48,"56,4","5,8","4,2"
2017-01-12 11:58:48,"56,4","5,8","4,2"
2017-01-12 12:28:48,"56,4","5,8","4,3"
2017-01-12 12:58:48,"56,4","5,8","4,3"
2017-01-12 13:28:48,"56,4","5,8","4,3"
2017-01-12 13:58:48,"56,4","5,8","4,4"
2017-01-12 14:28:48,"56,4","5,8","4,4"
2017-01-12 14:58:48,"56,4","5,8","4,4"
2017-01-12 15:28:48,"56,4","5,8","4,4"
2017-01-12 15:58:48,"56,4","5,8","4,4"
2017-01-12 16:28:48,"56,4","5,8","4,4"
2017-01-12 16:58:48,"56,4","5,8","4,4"
2017-01-12 17:28:48,"56,4","5,8","4,4"
2017-01-12 17:58:48,"56,4","5,8","4,4"
2017-01-12 18:28:48,"56,4","5,8","4,4"
2017-01-12 18:58:48,"56,4","5,8","4,5"
2017-01-12 19:28:48,57,"5,8","4,5"
2017-01-12 19:58:48,57,"5,8","4,5"
2017-01-12 20:28:48,57,"5,8","4,5"
2017-01-12 20:58:48,57,"5,8","4,5"
2017-01-12 21:28:48,57,"5,8","4,5"
2017-01-12 21:58:48,"57,4","5,8","4,5"
2017-01-12 22:28:48,"57,4","5,8","4,5"
2017-01-12 22:58:48,"57,8","5,8","4,5"
2017-01-12 23:28:48,"57,8","5,8","4,5"
2017-01-12 23:58:48,"58,3","5,8","4,5"
2017-01-13 00:28:48,"58,3","5,8","4,5"
2017-01-13 00:58:48,"58,3","5,8","4,5"
2017-01-13 01:28:48,"58,8","5,8","4,5"
2017-01-13 01:58:48,"58,8","5,8","4,5"
2017-01-13 02:28:48,"59,1","5,8","4,5"
2017-01-13 02:58:48,"59,1","5,8","4,5"
2017-01-13 03:28:48,"59,2","5,8","4,5"
2017-01-13 03:58:48,"59,7","5,8","4,6"
2017-01-13 04:28:48,"59,7","5,8","4,6"
2017-01-13 04:58:48,"59,7","5,8","4,6"
2017-01-13 05:28:48,"60,1","5,8","4,6"
2017-01-13 05:58:48,"60,1","5,8","4,6"
2017-01-13 06:28:48,"60,6","5,8","4,6"
2017-01-13 06:58:48,"60,6","5,8","4,6"
2017-01-13 07:28:48,"60,6","5,8","4,6"
2017-01-13 07:58:48,61,"5,8","4,6"
2017-01-13 08:28:48,61,"5,8","4,6"
2017-01-13 08:58:48,61,"5,8","4,6"
2017-01-13 09:28:48,"61,5","5,8","4,6"
2017-01-13 09:58:48,"61,6","5,8","4,6"
2017-01-13 10:28:48,"61,9","5,8","4,7"
2017-01-13 10:58:48,"61,9","5,8","4,7"
2017-01-13 11:28:48,62,"5,8","4,7"
2017-01-13 11:58:48,62,"5,8","4,8"
2017-01-13 12:28:48,"62,4","5,8","4,8"
2017-01-13 12:58:48,"62,4","5,8","4,8"
2017-01-13 13:28:48,"62,4","5,8","4,8"
2017-01-13 13:58:48,"62,8","5,8","4,8"
2017-01-13 14:28:48,"62,8","5,8","4,8"
2017-01-13 14:58:48,"62,8","5,8","4,8"
2017-01-13 15:28:48,"62,8","5,8","4,8"
2017-01-13 15:58:48,"62,8","5,8","4,8"
2017-01-13 16:28:48,"62,8","5,8","4,8"
2017-01-13 16:58:48,"62,8","5,8","4,8"
2017-01-13 17:28:48,"62,8","5,8","4,9"
2017-01-13 17:58:48,"62,8","5,8","4,8"
2017-01-13 18:28:48,"62,8","5,8","4,9"
2017-01-13 18:58:48,"62,8","5,8","4,9"
2017-01-13 19:28:48,"62,8","5,8","4,9"
2017-01-13 19:58:48,"62,8","5,8",5
2017-01-13 20:28:48,"62,8","5,8",5
2017-01-13 20:58:48,"62,8","5,8",5
2017-01-13 21:28:48,"62,8","5,8",5
2017-01-13 21:58:48,"62,8","5,8",5
2017-01-13 22:28:48,"63,2","5,8",5
2017-01-13 22:58:48,"63,2","5,8",5
2017-01-13 23:28:48,"63,2","5,8",5
2017-01-13 23:58:48,"62,8","5,8",5
2017-01-14 00:28:48,"63,2","5,8",5
2017-01-14 00:58:48,"63,2","5,8",5
2017-01-14 01:28:48,"63,2","5,8",5
2017-01-14 01:58:48,"63,2","5,8",5
2017-01-14 02:28:48,"63,2","5,8",5
2017-01-14 02:58:48,"63,2","5,8",5
2017-01-14 03:28:48,"63,2","5,8","5,1"
2017-01-14 03:58:48,"63,2","5,8",5
2017-01-14 04:28:48,"63,2","5,8",5
2017-01-14 04:58:48,"63,2","5,8",5
2017-01-14 05:28:48,"63,2","5,8","5,1"
2017-01-14 05:58:48,"63,2","5,8",5
2017-01-14 06:28:48,"63,2","5,8",5
2017-01-14 06:58:48,"62,8","5,8",5
2017-01-14 07:28:48,"62,8","5,8",5
2017-01-14 07:58:48,"63,2","5,8",5
2017-01-14 08:28:48,"63,2","5,8",5
2017-01-14 08:58:48,"62,8","5,8",5
2017-01-14 09:28:48,"63,2","5,8","4,9"
2017-01-14 09:58:48,"62,4","5,8","4,9"
2017-01-14 10:28:48,"62,8","5,8",5
2017-01-14 10:58:48,"62,8","5,8",5
2017-01-14 11:28:48,"62,8","5,8",5
2017-01-14 11:58:48,"62,8","5,8","5,1"
2017-01-14 12:28:48,"62,8","5,8","5,1"
2017-01-14 12:58:48,"62,5","5,8","5,1"
2017-01-14 13:28:48,"62,8","5,8","5,2"
2017-01-14 13:58:48,"62,9","5,8","5,1"
2017-01-14 14:28:48,"62,9","5,8","5,2"
2017-01-14 14:58:48,"62,8","5,8","5,2"
2017-01-14 15:28:48,"62,9","5,8","5,1"
2017-01-14 15:58:48,"62,9","5,8","5,2"
2017-01-14 16:28:48,"62,9","5,8","5,2"
2017-01-14 16:58:48,"62,9","5,8","5,2"
2017-01-14 17:28:48,"62,5","5,8","5,2"
2017-01-14 17:58:48,"62,9","5,8","5,2"
2017-01-14 18:28:48,"62,9","5,8","5,2"
2017-01-14 18:58:48,"63,2","5,8","5,2"
2017-01-14 19:28:48,"63,2","5,8","5,2"
2017-01-14 19:58:48,"63,2","5,8","5,2"
2017-01-14 20:28:48,"63,2","5,8","5,2"
2017-01-14 20:58:48,"62,9","5,8","5,2"
2017-01-14 21:28:48,"63,2","5,8","5,2"
2017-01-14 21:58:48,"63,2","5,8","5,2"
2017-01-14 22:28:48,"62,9","5,8","5,2"
2017-01-14 22:58:48,"62,9","5,8","5,2"
2017-01-14 23:28:48,"62,9","5,8","5,2"
2017-01-14 23:58:48,"63,2","5,8","5,2"
2017-01-15 00:28:48,"62,9","5,8","5,2"
2017-01-15 00:58:48,"62,9","5,8","5,2"
2017-01-15 01:28:48,"62,9","5,8","5,2"
2017-01-15 01:58:48,"62,9","5,8","5,2"
2017-01-15 02:28:48,"62,9","5,8","5,2"
2017-01-15 02:58:48,"62,9","5,8","5,2"
2017-01-15 03:28:48,"62,9","5,8","5,2"
2017-01-15 03:58:48,"62,9","5,8","5,2"
2017-01-15 04:28:48,"62,9","5,8","5,2"
2017-01-15 04:58:48,"62,9","5,8","5,2"
2017-01-15 05:28:48,"62,5","5,8","5,2"
2017-01-15 05:58:48,"62,5","5,8","5,1"
2017-01-15 06:28:48,"62,5","5,8","5,2"
2017-01-15 06:58:48,"62,5","5,8","5,1"
2017-01-15 07:28:48,"62,5","5,8","5,1"
2017-01-15 07:58:48,62,"5,8","5,1"
2017-01-15 08:28:48,62,"5,8","5,1"
2017-01-15 08:58:48,62,"5,8","5,1"
2017-01-15 09:28:48,"61,6","5,8","5,1"
2017-01-15 09:58:48,"61,6","5,8","5,1"
2017-01-15 10:28:48,"61,6","5,8",5
2017-01-15 10:58:48,61,"5,8","5,1"
2017-01-15 11:28:48,61,"5,8","5,1"
2017-01-15 11:58:48,61,"5,8","5,1"
2017-01-15 12:28:48,61,"5,8","5,1"
2017-01-15 12:58:48,61,"5,8","5,1"
2017-01-15 13:28:48,"60,7","5,8","5,1"
2017-01-15 13:58:48,"60,7","5,8","5,2"
2017-01-15 14:28:48,"60,7","5,8","5,2"
2017-01-15 14:58:48,"60,7","5,8","5,2"
2017-01-15 15:28:48,"60,7","5,8","5,2"
2017-01-15 15:58:48,"60,7","5,8","5,2"
2017-01-15 16:28:48,"60,7","5,8","5,2"
2017-01-15 16:58:48,"60,2","5,8","5,2"
2017-01-15 17:28:48,"60,2","5,8","5,2"
2017-01-15 17:58:48,"60,2","5,8","5,3"
2017-01-15 18:28:48,"60,2","5,8","5,3"
2017-01-15 18:58:48,"60,2","5,8","5,3"
2017-01-15 19:28:48,"60,2","5,8","5,3"
2017-01-15 19:58:48,"59,8","5,8","5,2"
2017-01-15 20:28:48,"59,8","5,8","5,2"
2017-01-15 20:58:48,"59,8","5,8","5,2"
2017-01-15 21:28:48,"59,3","5,8","5,2"
2017-01-15 21:58:48,"59,3","5,8","5,2"
2017-01-15 22:28:48,"59,3","5,8","5,2"
2017-01-15 22:58:48,"58,9","5,8","5,2"
2017-01-15 23:28:48,"58,9","5,8","5,2"
2017-01-15 23:58:48,"58,9","5,8","5,2"
2017-01-16 00:28:48,"58,4","5,8","5,2"
2017-01-16 00:58:48,"58,4","5,8","5,2"
2017-01-16 01:28:48,"58,4","5,8","5,2"
2017-01-16 01:58:48,"58,4","5,8","5,2"
2017-01-16 02:28:48,"57,9","5,8","5,2"
2017-01-16 02:58:48,"57,9","5,8","5,2"
2017-01-16 03:28:48,"57,5","5,8","5,1"
2017-01-16 03:58:48,"57,5","5,8","5,1"
2017-01-16 04:28:48,"57,5","5,8","5,1"
2017-01-16 04:58:48,"57,1","5,8","5,1"
2017-01-16 05:28:48,"57,1","5,8","5,1"
2017-01-16 05:58:48,"56,5","5,8",5
2017-01-16 06:28:48,"56,5","5,8",5
2017-01-16 06:58:48,"56,5","5,8",5
2017-01-16 07:28:48,"56,1","5,8",5
2017-01-16 07:58:48,"55,5","5,8",5
2017-01-16 08:28:48,"55,5","5,8",5
2017-01-16 08:58:48,"55,5","5,8","4,9"
2017-01-16 09:28:48,"55,2","5,8","4,9"
2017-01-16 09:58:48,"55,2","5,8","4,9"
2017-01-16 10:28:48,"55,2","5,8","4,9"
2017-01-16 10:58:48,"55,2","5,8",5
2017-01-16 11:28:48,"55,2","5,8",5
2017-01-16 11:58:48,"55,2","5,8","5,1"
2017-01-16 12:28:48,"55,6","5,8","5,2"
2017-01-16 12:58:48,"55,6","5,8","5,2"
2017-01-16 13:28:48,"55,6","5,8","5,2"
2017-01-16 13:58:48,"55,6","5,8","5,2"
2017-01-16 14:28:48,"56,2","5,8","5,2"
2017-01-16 14:58:48,"56,2","5,8","5,3"
2017-01-16 15:28:48,"56,2","5,8","5,3"
2017-01-16 15:58:48,"56,2","5,8","5,3"
2017-01-16 16:28:48,"56,2","5,8","5,3"
2017-01-16 16:58:48,"56,1","5,8","5,3"
2017-01-16 17:28:48,"56,1","5,8","5,2"
2017-01-16 17:58:48,"56,1","5,8","5,2"
2017-01-16 18:28:48,"56,5","5,8","5,2"
2017-01-16 18:58:48,"56,1","5,8","5,2"
2017-01-16 19:28:48,"56,1","5,8","5,2"
2017-01-16 19:58:48,"56,1","5,8","5,2"
2017-01-16 20:28:48,"56,1","5,8","5,2"
2017-01-16 20:58:48,"56,1","5,8","5,2"
2017-01-16 21:28:48,"56,1","5,8","5,2"
2017-01-16 21:58:48,"56,1","5,8","5,2"
2017-01-16 22:28:48,"56,1","5,8","5,2"
2017-01-16 22:58:48,"55,6","5,8","5,2"
2017-01-16 23:28:48,"55,6","5,8","5,2"
2017-01-16 23:58:48,"55,6","5,8","5,2"
2017-01-17 00:28:48,"55,6","5,8","5,2"
2017-01-17 00:58:48,"55,6","5,8","5,2"
2017-01-17 01:28:48,"55,6","5,8","5,2"
2017-01-17 01:58:48,"55,6","5,8","5,2"
2017-01-17 02:28:48,"55,6","5,8","5,2"
2017-01-17 02:58:48,"55,6","5,8","5,2"
2017-01-17 03:28:48,"55,2","5,8","5,2"
2017-01-17 03:58:48,"55,2","5,8","5,2"
2017-01-17 04:28:48,"55,2","5,8","5,2"
2017-01-17 04:58:48,"55,2","5,8","5,2"
2017-01-17 05:28:48,"55,2","5,8","5,3"
2017-01-17 05:58:48,"55,2","5,8","5,2"
2017-01-17 06:28:48,"55,2","5,8","5,3"
2017-01-17 06:58:48,"55,6","5,8","5,3"
2017-01-17 07:28:48,"55,6","5,8","5,3"
2017-01-17 07:58:48,"55,6","5,8","5,3"
2017-01-17 08:28:48,"55,2","5,8","5,3"
2017-01-17 08:58:48,"55,2","5,8","5,3"
2017-01-17 09:28:48,"55,2","5,8","5,3"
2017-01-17 09:58:48,"55,2","5,8","5,3"
2017-01-17 10:28:48,"55,2","5,8","5,3"
2017-01-17 10:58:48,"55,2","5,8","5,4"
2017-01-17 11:28:48,"55,6","5,8","5,4"
2017-01-17 11:58:48,"55,6","5,8","5,4"
2017-01-17 12:28:48,"55,6","5,8","5,5"
2017-01-17 12:58:48,"55,6","5,8","5,5"
2017-01-17 13:28:48,"55,6","5,8","5,5"
2017-01-17 13:58:48,"56,2","5,8","5,5"
2017-01-17 14:28:48,"56,2","5,8","5,6"
2017-01-17 14:58:48,"56,2","5,8","5,6"
2017-01-17 15:28:48,"57,5","5,8","5,6"
2017-01-17 15:58:48,"58,5","5,8","5,6"
2017-01-17 16:28:48,59,"5,8","5,6"
2017-01-17 16:58:48,"59,3","5,8","5,7"
2017-01-17 17:28:48,"59,3","5,8","5,6"
2017-01-17 17:58:48,"59,3","5,8","5,6"
2017-01-17 18:28:48,"59,9","5,8","5,6"
2017-01-17 18:58:48,"59,9","5,8","5,6"
2017-01-17 19:28:48,"59,9","5,8","5,6"
2017-01-17 19:58:48,"59,9","5,8","5,6"
2017-01-17 20:28:48,"59,9","5,8","5,6"
2017-01-17 20:58:48,"59,9","5,8","5,6"
2017-01-17 21:28:48,"59,9","5,8","5,6"
2017-01-17 21:58:48,"59,9","5,8","5,6"
2017-01-17 22:28:48,"59,3","5,8","5,6"
2017-01-17 22:58:48,"59,9","5,8","5,6"
2017-01-17 23:28:48,"59,3","5,8","5,6"
2017-01-17 23:58:48,"59,3","5,8","5,6"
2017-01-18 00:28:48,"59,9","5,8","5,6"
2017-01-18 00:58:48,"59,9","5,8","5,6"
2017-01-18 01:28:48,"59,9","5,8","5,6"
2017-01-18 01:58:48,"59,9","5,8","5,6"
2017-01-18 02:28:48,"60,3","5,8","5,6"
2017-01-18 02:58:48,"59,9","5,8","5,5"
2017-01-18 03:28:48,"59,9","5,8","5,6"
2017-01-18 03:58:48,"59,9","5,8","5,6"
2017-01-18 04:28:48,"59,9","5,8","5,6"
2017-01-18 04:58:48,"59,9","5,8","5,6"
2017-01-18 05:28:48,"60,3","5,8","5,6"
2017-01-18 05:58:48,"60,3","5,8","5,6"
2017-01-18 06:28:48,"60,3","5,8","5,5"
2017-01-18 06:58:48,"60,3","5,8","5,5"
2017-01-18 07:28:48,"60,3","5,8","5,5"
2017-01-18 07:58:48,"60,3","5,8","5,5"
2017-01-18 08:28:48,"60,3","5,8","5,5"
2017-01-18 08:58:48,"60,3","5,8","5,5"
2017-01-18 09:28:48,"60,3","5,8","5,5"
2017-01-18 09:58:48,"60,3","5,8","5,5"
2017-01-18 10:28:48,"59,9","5,8","5,5"
2017-01-18 10:58:48,"59,9","5,8","5,5"
2017-01-18 11:28:48,"59,9","5,8","5,6"
2017-01-18 11:58:48,"59,3","5,8","5,6"
2017-01-18 12:28:48,"59,3","5,8","5,6"
2017-01-18 12:58:48,"59,9","5,8","5,6"
2017-01-18 13:28:48,"59,9","5,8","5,7"
2017-01-18 13:58:48,"59,9","5,8","5,7"
2017-01-18 14:28:48,"59,9","5,8","5,7"
2017-01-18 14:58:48,"59,9","5,8","5,7"
2017-01-18 15:28:48,"59,9","5,8","5,8"
2017-01-18 15:58:48,"60,3","5,8","5,8"
2017-01-18 16:28:48,"60,3","5,8","5,8"
2017-01-18 16:58:48,"59,9","5,8","5,8"
2017-01-18 17:28:48,"59,9","5,8","5,8"
2017-01-18 17:58:48,"60,3","5,8","5,8"
2017-01-18 18:28:48,"60,3","5,8","5,8"
2017-01-18 18:58:48,"60,3","5,8","5,8"
2017-01-18 19:28:48,"60,3","5,8","5,8"
2017-01-18 19:58:48,"60,3","5,8","5,8"
2017-01-18 20:28:48,"60,3","5,8","5,8"
2017-01-18 20:58:48,"59,9","5,8","5,8"
2017-01-18 21:28:48,"59,9","5,8","5,8"
2017-01-18 21:58:48,"60,3","5,8","5,8"
2017-01-18 22:28:48,"60,3","5,8","5,8"
2017-01-18 22:58:48,"60,3","5,8","5,8"
2017-01-18 23:28:48,"59,9","5,8","5,8"
2017-01-18 23:58:48,"59,9","5,8","5,8"
2017-01-19 00:28:48,"60,3","5,8","5,8"
2017-01-19 00:58:48,"59,9","5,8","5,8"
2017-01-19 01:28:48,"60,3","5,8","5,8"
2017-01-19 01:58:48,"59,9","5,8","5,8"
2017-01-19 02:28:48,"60,3","5,8","5,8"
2017-01-19 02:58:48,"60,3","5,8","5,8"
2017-01-19 03:28:48,"59,9","5,8","5,8"
2017-01-19 03:58:48,"60,3","5,8","5,8"
2017-01-19 04:28:48,"60,3","5,8","5,8"
2017-01-19 04:58:48,"60,3","5,8","5,8"
2017-01-19 05:28:48,"59,9","5,8","5,8"
2017-01-19 05:58:48,"59,9","5,8","5,8"
2017-01-19 06:28:48,"59,9","5,8","5,8"
2017-01-19 06:58:48,"60,3","5,8","5,8"
2017-01-19 07:28:48,"60,3","5,8","5,8"
2017-01-19 07:58:48,"59,9","5,8","5,8"
2017-01-19 08:28:48,"59,9","5,8","5,7"
2017-01-19 08:58:48,"60,3","5,8","5,7"
2017-01-19 09:28:48,"59,9","5,8","5,7"
2017-01-19 09:58:48,"59,9","5,8","5,7"
2017-01-19 10:28:48,"59,9","5,8","5,8"
2017-01-19 10:58:48,"59,9","5,8","5,8"
2017-01-19 11:28:48,"59,9","5,8","5,8"
2017-01-19 11:58:48,60,"5,8","5,8"
2017-01-19 12:28:48,60,"5,8","5,9"
2017-01-19 12:58:48,60,"5,8","5,9"
2017-01-19 13:28:48,60,"5,8",6
2017-01-19 13:58:48,60,"5,8",6
2017-01-19 14:28:48,"60,4","5,8",6
2017-01-19 14:58:48,"60,4","5,8",6
2017-01-19 15:28:48,"60,4","5,8",6
2017-01-19 15:58:48,"60,4","5,8",6
2017-01-19 16:28:48,"60,4","5,8",6
2017-01-19 16:58:48,"60,4","5,8",6
2017-01-19 17:28:48,"60,4","5,8",6
2017-01-19 17:58:48,"60,4","5,8",6
2017-01-19 18:28:48,"60,4","5,8",6
2017-01-19 18:58:48,"60,4","5,8",6
2017-01-19 19:28:48,"60,4","5,8",6
2017-01-19 19:58:48,"60,4","5,8",6
2017-01-19 20:28:48,"60,4","5,8",6
2017-01-19 20:58:48,60,"5,8",6
2017-01-19 21:28:48,60,"5,8",6
2017-01-19 21:58:48,60,"5,8",6
2017-01-19 22:28:48,60,"5,8",6
2017-01-19 22:58:48,60,"5,8",6
2017-01-19 23:28:48,"59,4","5,8",6
2017-01-19 23:58:48,"59,4","5,8",6
2017-01-20 00:28:48,60,"5,8",6
2017-01-20 00:58:48,60,"5,8",6
2017-01-20 01:28:48,60,"5,8",6
2017-01-20 01:58:48,60,"5,8","5,9"
2017-01-20 02:28:48,60,"5,8","5,9"
2017-01-20 02:58:48,60,"5,8","5,9"
2017-01-20 03:28:48,60,"5,8","5,9"
2017-01-20 03:58:48,"59,9","5,8","5,9"
2017-01-20 04:28:48,"59,9","5,8","5,8"
2017-01-20 04:58:48,"59,9","5,8","5,8"
2017-01-20 05:28:48,"59,9","5,8","5,8"
2017-01-20 05:58:48,"59,9","5,8","5,8"
2017-01-20 06:28:48,"59,9","5,8","5,8"
2017-01-20 06:58:48,"59,9","5,8","5,8"
2017-01-20 07:28:48,"59,9","5,8","5,7"
2017-01-20 07:58:48,"59,9","5,8","5,7"
2017-01-20 08:28:48,"59,9","5,8","5,7"
2017-01-20 08:58:48,"59,9","5,8","5,7"
2017-01-20 09:28:48,"59,9","5,8","5,6"
2017-01-20 09:58:48,"59,9","5,8","5,6"
2017-01-20 10:28:48,"59,3","5,8","5,6"
2017-01-20 10:58:48,"59,9","5,8","5,7"
2017-01-20 11:28:48,"59,3","5,8","5,7"
2017-01-20 11:58:48,"59,4","5,8","5,7"
2017-01-20 12:28:48,"59,4","5,8","5,8"
2017-01-20 12:58:48,"59,4","5,8","5,8"
2017-01-20 13:28:48,"59,4","5,8","5,8"
2017-01-20 13:58:48,"59,4","5,8","5,9"
2017-01-20 14:28:48,"59,4","5,8","5,9"
2017-01-20 14:58:48,"59,4","5,8","5,9"
2017-01-20 15:28:48,60,"5,8","5,9"
2017-01-20 15:58:48,60,"5,8","5,9"
2017-01-20 16:28:48,60,"5,8","5,9"
2017-01-20 16:58:48,60,"5,8","5,9"
2017-01-20 17:28:48,"59,4","5,8","5,9"
2017-01-20 17:58:48,"59,4","5,8","5,9"
2017-01-20 18:28:48,"59,4","5,8","5,9"
2017-01-20 18:58:48,"59,4","5,8","5,9"
2017-01-20 19:28:48,60,"5,8","5,9"
2017-01-20 19:58:48,60,"5,8","5,9"
2017-01-20 20:28:48,"59,4","5,8","5,9"
2017-01-20 20:58:48,"59,4","5,8","5,9"
2017-01-20 21:28:48,60,"5,8","5,9"
2017-01-20 21:58:48,"59,9","5,8","5,9"
2017-01-20 22:28:48,"59,9","5,8","5,8"
2017-01-20 22:58:48,"59,9","5,8","5,8"
2017-01-20 23:28:48,"59,9","5,8","5,8"
2017-01-20 23:58:48,"60,3","5,8","5,8"
2017-01-21 00:28:48,"59,9","5,8","5,7"
2017-01-21 00:58:48,"59,9","5,8","5,7"
2017-01-21 01:28:48,"59,9","5,8","5,7"
2017-01-21 01:58:48,"59,9","5,8","5,7"
2017-01-21 02:28:48,"59,9","5,8","5,6"
2017-01-21 02:58:48,"59,9","5,8","5,6"
2017-01-21 03:28:48,"59,9","5,8","5,6"
2017-01-21 03:58:48,"60,3","5,8","5,6"
2017-01-21 04:28:48,"60,3","5,8","5,6"
2017-01-21 04:58:48,"59,9","5,8","5,6"
2017-01-21 05:28:48,"59,9","5,8","5,6"
2017-01-21 05:58:48,"59,9","5,8","5,5"
2017-01-21 06:28:48,"59,9","5,8","5,5"
2017-01-21 06:58:48,"59,9","5,8","5,5"
2017-01-21 07:28:48,"59,9","5,8","5,5"
2017-01-21 07:58:48,"59,9","5,8","5,4"
2017-01-21 08:28:48,"59,9","5,8","5,4"
2017-01-21 08:58:48,"59,9","5,8","5,4"
2017-01-21 09:28:48,"59,9","5,8","5,4"
2017-01-21 09:58:48,"59,9","5,8","5,4"
2017-01-21 10:28:48,"60,3","5,8","5,4"
2017-01-21 10:58:48,"59,9","5,8","5,4"
2017-01-21 11:28:48,"59,9","5,8","5,4"
2017-01-21 11:58:48,"59,3","5,8","5,5"
2017-01-21 12:28:48,"59,3","5,8","5,5"
2017-01-21 12:58:48,"59,3","5,8","5,5"
2017-01-21 13:28:48,"59,9","5,8","5,5"
2017-01-21 13:58:48,"59,3","5,8","5,6"
2017-01-21 14:28:48,"59,3","5,8","5,6"
2017-01-21 14:58:48,"59,3","5,8","5,6"
2017-01-21 15:28:48,"59,3","5,8","5,6"
2017-01-21 15:58:48,"59,3","5,8","5,6"
2017-01-21 16:28:48,"59,3","5,8","5,6"
2017-01-21 16:58:48,"59,3","5,8","5,6"
2017-01-21 17:28:48,"59,3","5,8","5,6"
2017-01-21 17:58:48,"59,3","5,8","5,6"
2017-01-21 18:28:48,"59,9","5,8","5,6"
2017-01-21 18:58:48,"60,3","5,8","5,6"
2017-01-21 19:28:48,"59,9","5,8","5,6"
2017-01-21 19:58:48,"60,3","5,8","5,6"
2017-01-21 20:28:48,"59,9","5,8","5,6"
2017-01-21 20:58:48,"60,3","5,8","5,6"
2017-01-21 21:28:48,"59,9","5,8","5,6"
2017-01-21 21:58:48,"60,3","5,8","5,6"
2017-01-21 22:28:48,"59,9","5,8","5,6"
2017-01-21 22:58:48,"60,3","5,8","5,6"
2017-01-21 23:28:48,"59,9","5,8","5,6"
2017-01-21 23:58:48,"60,3","5,8","5,6"
2017-01-22 00:28:48,"59,9","5,8","5,5"
2017-01-22 00:58:48,"60,3","5,8","5,5"
2017-01-22 01:28:48,"59,9","5,8","5,5"
2017-01-22 01:58:48,"60,3","5,8","5,5"
2017-01-22 02:28:48,"59,9","5,8","5,5"
2017-01-22 02:58:48,"59,9","5,8","5,5"
2017-01-22 03:28:48,"60,3","5,8","5,5"
2017-01-22 03:58:48,"59,9","5,8","5,5"
2017-01-22 04:28:48,"59,9","5,8","5,4"
2017-01-22 04:58:48,"60,3","5,8","5,4"
2017-01-22 05:28:48,"59,9","5,8","5,4"
2017-01-22 05:58:48,"59,9","5,8","5,4"
2017-01-22 06:28:48,"59,9","5,8","5,4"
2017-01-22 06:58:48,"59,9","5,8","5,4"
2017-01-22 07:28:48,"60,3","5,8","5,4"
2017-01-22 07:58:48,"60,2","5,8","5,4"
2017-01-22 08:28:48,"60,2","5,8","5,3"
2017-01-22 08:58:48,"60,7","5,8","5,3"
2017-01-22 09:28:48,"60,7","5,8","5,3"
2017-01-22 09:58:48,"60,2","5,8","5,3"
2017-01-22 10:28:48,"60,7","5,8","5,3"
2017-01-22 10:58:48,"60,7","5,8","5,3"
2017-01-22 11:28:48,"60,3","5,8","5,4"
2017-01-22 11:58:48,"60,7","5,8","5,4"
2017-01-22 12:28:48,"60,3","5,8","5,4"
2017-01-22 12:58:48,"60,8","5,8","5,5"
2017-01-22 13:28:48,"60,3","5,8","5,5"
2017-01-22 13:58:48,"60,3","5,8","5,6"
2017-01-22 14:28:48,"59,9","5,8","5,6"
2017-01-22 14:58:48,"59,9","5,8","5,6"
2017-01-22 15:28:48,"60,3","5,8","5,6"
2017-01-22 15:58:48,"60,3","5,8","5,6"
2017-01-22 16:28:48,"60,3","5,8","5,6"
2017-01-22 16:58:48,"60,3","5,8","5,7"
2017-01-22 17:28:48,"60,3","5,8","5,7"
2017-01-22 17:58:48,"60,3","5,8","5,7"
2017-01-22 18:28:48,"60,8","5,8","5,7"
2017-01-22 18:58:48,"60,8","5,8","5,7"
2017-01-22 19:28:48,"60,8","5,8","5,7"
2017-01-22 19:58:48,"61,1","5,8","5,7"
2017-01-22 20:28:48,"60,8","5,8","5,7"
2017-01-22 20:58:48,"60,8","5,8","5,7"
2017-01-22 21:28:48,"60,8","5,8","5,7"
2017-01-22 21:58:48,"60,8","5,8","5,7"
2017-01-22 22:28:48,"60,3","5,8","5,7"
2017-01-22 22:58:48,"60,3","5,8","5,7"
2017-01-22 23:28:48,"60,3","5,8","5,7"
2017-01-22 23:58:48,"60,3","5,8","5,7"
2017-01-23 00:28:48,"60,8","5,8","5,7"
2017-01-23 00:58:48,"60,8","5,8","5,7"
2017-01-23 01:28:48,"60,3","5,8","5,7"
2017-01-23 01:58:48,"60,3","5,8","5,6"
2017-01-23 02:28:48,"60,8","5,8","5,6"
2017-01-23 02:58:48,"60,8","5,8","5,6"
2017-01-23 03:28:48,"60,8","5,8","5,6"
2017-01-23 03:58:48,"60,8","5,8","5,6"
2017-01-23 04:28:48,"60,8","5,8","5,6"
2017-01-23 04:58:48,"60,8","5,8","5,6"
2017-01-23 05:28:48,"60,8","5,8","5,6"
2017-01-23 05:58:48,"60,8","5,8","5,6"
2017-01-23 06:28:48,"60,8","5,8","5,6"
2017-01-23 06:58:48,"60,8","5,8","5,6"
2017-01-23 07:28:48,"60,8","5,8","5,5"
2017-01-23 07:58:48,"60,8","5,8","5,5"
2017-01-23 08:28:48,"60,8","5,8","5,5"
2017-01-23 08:58:48,"60,8","5,8","5,5"
2017-01-23 09:28:48,"60,3","5,8","5,5"
2017-01-23 09:58:48,"60,3","5,8","5,6"
2017-01-23 10:28:48,"60,3","5,8","5,6"
2017-01-23 10:58:48,"60,3","5,8","5,6"
2017-01-23 11:28:48,"59,9","5,8","5,6"
2017-01-23 11:58:48,"60,3","5,8","5,6"
2017-01-23 12:28:48,"60,3","5,8","5,6"
2017-01-23 12:58:48,"59,9","5,8","5,7"
2017-01-23 13:28:48,"60,3","5,8","5,7"
2017-01-23 13:58:48,"60,3","5,8","5,7"
2017-01-23 14:28:48,"60,3","5,8","5,8"
2017-01-23 14:58:48,"60,3","5,8","5,8"
2017-01-23 15:28:48,"59,9","5,8","5,8"
2017-01-23 15:58:48,"60,3","5,8","5,8"
2017-01-23 16:28:48,"60,3","5,8","5,8"
2017-01-23 16:58:48,"60,8","5,8","5,8"
2017-01-23 17:28:48,"60,3","5,8","5,8"
2017-01-23 17:58:48,"60,3","5,8","5,8"
2017-01-23 18:28:48,"60,3","5,8","5,9"
2017-01-23 18:58:48,"60,3","5,8","5,9"
2017-01-23 19:28:48,"60,3","5,8","5,9"
2017-01-23 19:58:48,"60,3","5,8","5,9"
2017-01-23 20:28:48,"60,3","5,8","5,9"
2017-01-23 20:58:48,"60,3","5,8","5,9"
2017-01-23 21:28:48,"60,8","5,8","5,9"
2017-01-23 21:58:48,"60,3","5,8","5,9"
2017-01-23 22:28:48,"60,8","5,8","5,9"
2017-01-23 22:58:48,"60,3","5,8","5,8"
2017-01-23 23:28:48,"60,8","5,8","5,8"
2017-01-23 23:58:48,"60,3","5,8","5,8"
2017-01-24 00:28:48,"60,3","5,8","5,8"
2017-01-24 00:58:48,"60,3","5,8","5,8"
2017-01-24 01:28:48,"60,8","5,8","5,8"
2017-01-24 01:58:48,"60,3","5,8","5,8"
2017-01-24 02:28:48,"60,3","5,8","5,8"
2017-01-24 02:58:48,"60,8","5,8","5,8"
2017-01-24 03:28:48,"60,8","5,8","5,8"
2017-01-24 03:58:48,"60,8","5,8","5,8"
2017-01-24 04:28:48,"60,3","5,8","5,8"
2017-01-24 04:58:48,"60,8","5,8","5,8"
2017-01-24 05:28:48,"60,8","5,8","5,7"
2017-01-24 05:58:48,"60,3","5,8","5,7"
2017-01-24 06:28:48,"60,3","5,8","5,7"
2017-01-24 06:58:48,"60,3","5,8","5,7"
2017-01-24 07:28:48,"60,8","5,8","5,7"
2017-01-24 07:58:48,"60,8","5,8","5,7"
2017-01-24 08:28:48,"60,8","5,8","5,7"
2017-01-24 08:58:48,"60,8","5,8","5,7"
2017-01-24 09:28:48,"60,3","5,8","5,6"
2017-01-24 09:58:48,"60,8","5,8","5,7"
2017-01-24 10:28:48,"60,3","5,8","5,7"
2017-01-24 10:58:48,"60,3","5,8","5,7"
2017-01-24 11:28:48,"60,3","5,8","5,7"
2017-01-24 11:58:48,"60,3","5,8","5,8"
2017-01-24 12:28:48,"60,3","5,8","5,8"
2017-01-24 12:58:48,"60,3","5,8","5,8"
2017-01-24 13:28:48,"60,3","5,8","5,8"
2017-01-24 13:58:48,"60,3","5,8","5,9"
2017-01-24 14:28:48,"60,3","5,8","5,9"
2017-01-24 14:58:48,"60,4","5,8","5,9"
2017-01-24 15:28:48,"60,4","5,8",6
2017-01-24 15:58:48,"60,4","5,8",6
2017-01-24 16:28:48,"60,4","5,8",6
2017-01-24 16:58:48,"60,4","5,8",6
2017-01-24 17:28:48,"60,4","5,8",6
2017-01-24 17:58:48,"60,4","5,8",6
2017-01-24 18:28:48,"60,4","5,8",6
2017-01-24 18:58:48,"60,4","5,8",6
2017-01-24 19:28:48,"60,4","5,8",6
2017-01-24 19:58:48,"60,4","5,9",6
2017-01-24 20:28:48,"60,4","5,8","6,1"
2017-01-24 20:58:48,"60,4","5,8","6,1"
2017-01-24 21:28:48,"60,4","5,8","6,1"
2017-01-24 21:58:48,"60,4","5,8","6,1"
2017-01-24 22:28:48,"60,4","5,8",6
2017-01-24 22:58:48,"60,4","5,8","6,1"
2017-01-24 23:28:48,"60,4","5,8",6
2017-01-24 23:58:48,"60,8","5,8",6
2017-01-25 00:28:48,"60,4","5,9",6
2017-01-25 00:58:48,"60,8","5,8",6
2017-01-25 01:28:48,"60,4","5,8",6
2017-01-25 01:58:48,"60,4","5,8",6
2017-01-25 02:28:48,"60,4","5,8",6
2017-01-25 02:58:48,"60,4","5,8",6
2017-01-25 03:28:48,"60,4","5,9",6
2017-01-25 03:58:48,"60,4","5,8",6
2017-01-25 04:28:48,"60,4","5,8",6
2017-01-25 04:58:48,"60,4","5,8",6
2017-01-25 05:28:48,"60,3","5,8",6
2017-01-25 05:58:48,"60,3","5,8","5,9"
2017-01-25 06:28:48,"60,3","5,8","5,9"
2017-01-25 06:58:48,"60,3","5,8","5,9"
2017-01-25 07:28:48,"60,3","5,8","5,9"
2017-01-25 07:58:48,"60,3","5,8","5,9"
2017-01-25 08:28:48,"60,3","5,8","5,8"
2017-01-25 08:58:48,"60,3","5,8","5,8"
2017-01-25 09:28:48,"60,3","5,8","5,8"
2017-01-25 09:58:48,60,"5,8","5,9"
2017-01-25 10:28:48,60,"5,8","5,9"
2017-01-25 10:58:48,60,"5,8","5,9"
2017-01-25 11:28:48,60,"5,8",6
2017-01-25 11:58:48,60,"5,8",6
2017-01-25 12:28:48,60,"5,8",6
2017-01-25 12:58:48,"60,4","5,8",6
2017-01-25 13:28:48,"60,4","5,8",6
2017-01-25 13:58:48,60,"5,8",6
2017-01-25 14:28:48,60,"5,8",6
2017-01-25 14:58:48,"60,4","5,8",6
2017-01-25 15:28:48,"60,4","5,8",6
2017-01-25 15:58:48,"60,4","5,8",6
2017-01-25 16:28:48,"60,4","5,8",6
2017-01-25 16:58:48,"60,4","5,8",6
2017-01-25 17:28:48,60,"5,8","6,1"
2017-01-25 17:58:48,60,"5,8","6,1"
2017-01-25 18:28:48,"60,4","5,8","6,1"
2017-01-25 18:58:48,"60,4","5,8",6
2017-01-25 19:28:48,"60,4","5,8",6
2017-01-25 19:58:48,"60,4","5,8",6
2017-01-25 20:28:48,"60,4","5,8",6
2017-01-25 20:58:48,"60,4","5,8","6,1"
2017-01-25 21:28:48,"60,4","5,8",6
2017-01-25 21:58:48,"60,4","5,8",6
2017-01-25 22:28:48,60,"5,8",6
2017-01-25 22:58:48,60,"5,8",6
2017-01-25 23:28:48,60,"5,8",6
2017-01-25 23:58:48,60,"5,8",6
2017-01-26 00:28:48,60,"5,8",6
2017-01-26 00:58:48,60,"5,8",6
2017-01-26 01:28:48,60,"5,9","5,9"
2017-01-26 01:58:48,60,"5,8","5,9"
2017-01-26 02:28:48,60,"5,8","5,9"
2017-01-26 02:58:48,60,"5,8","5,9"
2017-01-26 03:28:48,60,"5,8","5,9"
2017-01-26 03:58:48,"59,9","5,8","5,9"
2017-01-26 04:28:48,60,"5,9","5,8"
2017-01-26 04:58:48,"59,9","5,9","5,9"
2017-01-26 05:28:48,"59,9","5,8","5,8"
2017-01-26 05:58:48,"59,9","5,8","5,8"
2017-01-26 06:28:48,"59,4","5,8","5,8"
2017-01-26 06:58:48,"59,9","5,8","5,8"
2017-01-26 07:28:48,"59,9","5,9","5,8"
2017-01-26 07:58:48,"59,9","5,8","5,8"
2017-01-26 08:28:48,"59,9","5,9","5,7"
2017-01-26 08:58:48,"59,9","5,8","5,7"
2017-01-26 09:28:48,"59,3","5,8","5,7"
2017-01-26 09:58:48,"59,3","5,8","5,7"
2017-01-26 10:28:48,"59,4","5,8","5,7"
2017-01-26 10:58:48,"59,4","5,8","5,8"
2017-01-26 11:28:48,"59,4","5,8","5,8"
2017-01-26 11:58:48,"59,4","5,8","5,8"
2017-01-26 12:28:48,"59,4","5,8","5,8"
2017-01-26 12:58:48,"59,4","5,8","5,9"
2017-01-26 13:28:48,"59,4","5,8","5,9"
2017-01-26 13:58:48,"59,4","5,8","5,9"
2017-01-26 14:28:48,"59,4","5,9","5,9"
2017-01-26 14:58:48,"59,4","5,9","5,9"
2017-01-26 15:28:48,"59,4","5,9","5,9"
2017-01-26 15:58:48,"59,4","5,8","5,9"
2017-01-26 16:28:48,"59,4","5,8",6
2017-01-26 16:58:48,"59,4","5,9",6
2017-01-26 17:28:48,"59,4","5,9",6
2017-01-26 17:58:48,"59,4","5,8","5,9"
2017-01-26 18:28:48,"59,4","5,8","5,9"
2017-01-26 18:58:48,60,"5,9","5,9"
2017-01-26 19:28:48,"59,4","5,8","5,9"
2017-01-26 19:58:48,"59,4","5,8","5,9"
2017-01-26 20:28:48,60,"5,9","5,9"
2017-01-26 20:58:48,"59,4","5,8","5,9"
2017-01-26 21:28:48,60,"5,9","5,9"
2017-01-26 21:58:48,"59,9","5,9","5,9"
2017-01-26 22:28:48,"59,9","5,9","5,8"
2017-01-26 22:58:48,"59,4","5,9","5,8"
2017-01-26 23:28:48,"59,9","5,8","5,8"
2017-01-26 23:58:48,"59,9","5,8","5,8"
2017-01-27 00:28:48,"59,9","5,9","5,8"
2017-01-27 00:58:48,"59,9","5,8","5,7"
2017-01-27 01:28:48,"59,9","5,9","5,7"
2017-01-27 01:58:48,"59,9","5,9","5,7"
2017-01-27 02:28:48,"59,9","5,9","5,7"
2017-01-27 02:58:48,"59,9","5,8","5,6"
2017-01-27 03:28:48,"59,9","5,9","5,6"
2017-01-27 03:58:48,"59,9","5,9","5,6"
2017-01-27 04:28:48,"59,9","5,8","5,6"
2017-01-27 04:58:48,"59,9","5,8","5,5"
2017-01-27 05:28:48,"59,9","5,8","5,5"
2017-01-27 05:58:48,"59,9","5,9","5,4"
2017-01-27 06:28:48,"59,9","5,9","5,4"
2017-01-27 06:58:48,"59,9","5,9","5,4"
2017-01-27 07:28:48,"59,3","5,9","5,4"
2017-01-27 07:58:48,"59,9","5,9","5,4"
2017-01-27 08:28:48,"59,9","5,9","5,4"
2017-01-27 08:58:48,"59,9","5,9","5,3"
2017-01-27 09:28:48,"59,9","5,9","5,3"
2017-01-27 09:58:48,"59,9","5,9","5,3"
2017-01-27 10:28:48,"59,9","5,8","5,3"
2017-01-27 10:58:48,"59,3","5,8","5,3"
2017-01-27 11:28:48,"59,3","5,8","5,4"
2017-01-27 11:58:48,"59,3","5,8","5,4"
2017-01-27 12:28:48,"59,3","5,8","5,4"
2017-01-27 12:58:48,"59,3","5,8","5,4"
2017-01-27 13:28:48,"59,3","5,8","5,4"
2017-01-27 13:58:48,"59,3","5,8","5,5"
2017-01-27 14:28:48,"59,3","5,8","5,5"
2017-01-27 14:58:48,"59,3","5,8","5,5"
2017-01-27 15:28:48,"59,3","5,8","5,5"
2017-01-27 15:58:48,"59,3","5,9","5,5"
2017-01-27 16:28:48,"59,3","5,8","5,6"
2017-01-27 16:58:48,"59,3","5,8","5,6"
2017-01-27 17:28:48,"59,3","5,8","5,6"
2017-01-27 17:58:48,"59,3","5,8","5,5"
2017-01-27 18:28:48,"59,9","5,8","5,6"
2017-01-27 18:58:48,"59,3","5,8","5,5"
2017-01-27 19:28:48,"59,9","5,8","5,6"
2017-01-27 19:58:48,"59,3","5,8","5,5"
2017-01-27 20:28:48,"59,9","5,8","5,5"
2017-01-27 20:58:48,"59,3","5,8","5,5"
2017-01-27 21:28:48,"59,9","5,9","5,5"
2017-01-27 21:58:48,"59,9","5,8","5,4"
2017-01-27 22:28:48,"59,9","5,9","5,4"
2017-01-27 22:58:48,"59,9","5,8","5,4"
2017-01-27 23:28:48,"59,9","5,9","5,4"
2017-01-27 23:58:48,"60,3","5,9","5,4"
2017-01-28 00:28:48,"59,9","5,9","5,4"
2017-01-28 00:58:48,"59,9","5,8","5,3"
2017-01-28 01:28:48,"59,8","5,8","5,3"
2017-01-28 01:58:48,"59,8","5,8","5,2"
2017-01-28 02:28:48,"59,8","5,9","5,2"
2017-01-28 02:58:48,"59,8","5,8","5,2"
2017-01-28 03:28:48,"59,8","5,9","5,2"
2017-01-28 03:58:48,"59,3","5,8","5,2"
2017-01-28 04:28:48,"59,8","5,9","5,2"
2017-01-28 04:58:48,"59,8","5,9","5,2"
2017-01-28 05:28:48,"60,2","5,8","5,2"
2017-01-28 05:58:48,"59,8","5,9","5,2"
2017-01-28 06:28:48,"59,8","5,9","5,2"
2017-01-28 06:58:48,"60,2","5,8","5,1"
2017-01-28 07:28:48,"59,8","5,8","5,1"
2017-01-28 07:58:48,"59,8","5,8","5,1"
2017-01-28 08:28:48,"59,8","5,9","5,1"
2017-01-28 08:58:48,"59,8","5,8",5
2017-01-28 09:28:48,"59,2","5,8",5
2017-01-28 09:58:48,"59,2","5,8","5,1"
2017-01-28 10:28:48,"59,2","5,8","5,1"
2017-01-28 10:58:48,"59,3","5,8","5,1"
2017-01-28 11:28:48,"59,3","5,9","5,2"
2017-01-28 11:58:48,"59,3","5,8","5,2"
2017-01-28 12:28:48,"59,3","5,8","5,2"
2017-01-28 12:58:48,"59,3","5,8","5,2"
2017-01-28 13:28:48,"59,3","5,8","5,2"
2017-01-28 13:58:48,"59,3","5,8","5,3"
2017-01-28 14:28:48,"59,3","5,8","5,3"
2017-01-28 14:58:48,"59,9","5,8","5,3"
2017-01-28 15:28:48,"59,9","5,8","5,3"
2017-01-28 15:58:48,"59,9","5,8","5,3"
2017-01-28 16:28:48,"59,9","5,8","5,4"
2017-01-28 16:58:48,"59,9","5,8","5,4"
2017-01-28 17:28:48,"59,9","5,8","5,4"
2017-01-28 17:58:48,"59,9","5,8","5,4"
2017-01-28 18:28:48,"60,3","5,8","5,4"
2017-01-28 18:58:48,"59,9","5,8","5,4"
2017-01-28 19:28:48,"59,9","5,8","5,4"
2017-01-28 19:58:48,"59,9","5,8","5,4"
2017-01-28 20:28:48,"59,9","5,8","5,4"
2017-01-28 20:58:48,"59,9","5,8","5,4"
2017-01-28 21:28:48,"59,9","5,8","5,4"
2017-01-28 21:58:48,"59,9","5,8","5,3"
2017-01-28 22:28:48,"59,9","5,8","5,3"
2017-01-28 22:58:48,"59,9","5,8","5,3"
2017-01-28 23:28:48,"59,9","5,8","5,3"
2017-01-28 23:58:48,"59,3","5,8","5,3"
2017-01-29 00:28:48,"59,3","5,8","5,3"
2017-01-29 00:58:48,"59,8","5,8","5,3"
2017-01-29 01:28:48,"59,8","5,8","5,2"
2017-01-29 01:58:48,"59,8","5,8","5,2"
2017-01-29 02:28:48,"59,8","5,8","5,2"
2017-01-29 02:58:48,"59,8","5,8","5,2"
2017-01-29 03:28:48,"59,8","5,8","5,2"
2017-01-29 03:58:48,"59,8","5,8","5,2"
2017-01-29 04:28:48,"59,8","5,8","5,2"
2017-01-29 04:58:48,"60,2","5,8","5,2"
2017-01-29 05:28:48,"59,8","5,8","5,1"
2017-01-29 05:58:48,"59,8","5,8","5,1"
2017-01-29 06:28:48,"59,8","5,8","5,1"
2017-01-29 06:58:48,"60,2","5,8","5,1"
2017-01-29 07:28:48,"60,2","5,8","5,1"
2017-01-29 07:58:48,"60,2","5,8","5,1"
2017-01-29 08:28:48,"60,7","5,8","5,1"
2017-01-29 08:58:48,"60,2","5,8",5
2017-01-29 09:28:48,"60,7","5,8","5,1"
2017-01-29 09:58:48,"60,2","5,8",5
2017-01-29 10:28:48,"60,2","5,8","5,1"
2017-01-29 10:58:48,"60,2","5,8","5,1"
2017-01-29 11:28:48,"60,7","5,8","5,1"
2017-01-29 11:58:48,"60,7","5,8","5,1"
2017-01-29 12:28:48,"60,7","5,8","5,1"
2017-01-29 12:58:48,"60,7","5,8","5,2"
2017-01-29 13:28:48,"60,7","5,8","5,2"
2017-01-29 13:58:48,"60,7","5,8","5,2"
2017-01-29 14:28:48,"60,7","5,8","5,2"
2017-01-29 14:58:48,"60,7","5,8","5,2"
2017-01-29 15:28:48,"60,7","5,8","5,2"
2017-01-29 15:58:48,"60,7","5,8","5,3"
2017-01-29 16:28:48,"60,7","5,8","5,3"
2017-01-29 16:58:48,"60,7","5,8","5,3"
2017-01-29 17:28:48,"60,7","5,8","5,4"
2017-01-29 17:58:48,"61,1","5,8","5,4"
2017-01-29 18:28:48,"61,1","5,8","5,4"
2017-01-29 18:58:48,"61,1","5,8","5,4"
2017-01-29 19:28:48,"61,1","5,8","5,4"
2017-01-29 19:58:48,"61,1","5,8","5,4"
2017-01-29 20:28:48,"61,1","5,8","5,4"
2017-01-29 20:58:48,"61,1","5,8","5,3"
2017-01-29 21:28:48,"61,1","5,8","5,3"
2017-01-29 21:58:48,"61,1","5,8","5,3"
2017-01-29 22:28:48,"61,1","5,8","5,3"
2017-01-29 22:58:48,"61,1","5,8","5,3"
2017-01-29 23:28:48,"61,1","5,8","5,2"
2017-01-29 23:58:48,"61,1","5,8","5,2"
2017-01-30 00:28:48,"61,1","5,8","5,2"
2017-01-30 00:58:48,"61,1","5,8","5,2"
2017-01-30 01:28:48,"60,7","5,8","5,2"
2017-01-30 01:58:48,"60,7","5,8","5,2"
2017-01-30 02:28:48,"60,7","5,8","5,2"
2017-01-30 02:58:48,"60,7","5,8","5,2"
2017-01-30 03:28:48,"60,7","5,8","5,2"
2017-01-30 03:58:48,"60,7","5,8","5,2"
2017-01-30 04:28:48,"60,7","5,8","5,2"
2017-01-30 04:58:48,"60,2","5,8","5,2"
2017-01-30 05:28:48,"60,2","5,8","5,2"
2017-01-30 05:58:48,"60,2","5,8","5,2"
2017-01-30 06:28:48,"60,2","5,8","5,2"
2017-01-30 06:58:48,"60,2","5,8","5,1"
2017-01-30 07:28:48,"60,7","5,8","5,1"
2017-01-30 07:58:48,"60,2","5,8","5,1"
2017-01-30 08:28:48,"60,2","5,8","5,1"
2017-01-30 08:58:48,"60,2","5,8","5,1"
2017-01-30 09:28:48,"60,2","5,8","5,1"
2017-01-30 09:58:48,"60,2","5,8","5,1"
2017-01-30 10:28:48,"60,2","5,8","5,1"
2017-01-30 10:58:48,"60,2","5,8","5,2"
2017-01-30 11:28:48,"60,2","5,8","5,2"
2017-01-30 11:58:48,"60,2","5,8","5,2"
2017-01-30 12:28:48,"60,2","5,8","5,2"
2017-01-30 12:58:48,"60,7","5,8","5,2"
2017-01-30 13:28:48,"60,7","5,8","5,2"
2017-01-30 13:58:48,"60,7","5,8","5,3"
2017-01-30 14:28:48,"60,7","5,8","5,3"
2017-01-30 14:58:48,"60,7","5,8","5,3"
2017-01-30 15:28:48,"60,7","5,8","5,3"
2017-01-30 15:58:48,"61,1","5,8","5,4"
2017-01-30 16:28:48,"61,1","5,8","5,4"
2017-01-30 16:58:48,"61,1","5,8","5,4"
2017-01-30 17:28:48,"61,1","5,8","5,4"
2017-01-30 17:58:48,"61,1","5,8","5,4"
2017-01-30 18:28:48,"61,7","5,8","5,4"
2017-01-30 18:58:48,"61,7","5,8","5,4"
2017-01-30 19:28:48,"61,7","5,8","5,4"
2017-01-30 19:58:48,"61,7","5,8","5,4"
2017-01-30 20:28:48,"61,7","5,8","5,4"
2017-01-30 20:58:48,"62,1","5,8","5,5"
2017-01-30 21:28:48,"62,1","5,8","5,5"
2017-01-30 21:58:48,"62,1","5,8","5,5"
2017-01-30 22:28:48,"62,1","5,8","5,5"
2017-01-30 22:58:48,"62,1","5,8","5,5"
2017-01-30 23:28:48,"62,5","5,8","5,5"
2017-01-30 23:58:48,"62,5","5,8","5,5"
2017-01-31 00:28:48,"62,5","5,8","5,5"
2017-01-31 00:58:48,"62,5","5,8","5,5"
2017-01-31 01:28:48,"62,5","5,8","5,5"
2017-01-31 01:58:48,"62,5","5,8","5,5"
2017-01-31 02:28:48,"62,5","5,8","5,5"
2017-01-31 02:58:48,"62,5","5,8","5,5"
2017-01-31 03:28:48,"62,9","5,8","5,5"
2017-01-31 03:58:48,"62,9","5,8","5,5"
2017-01-31 04:28:48,"62,9","5,8","5,5"
2017-01-31 04:58:48,"62,9","5,8","5,5"
2017-01-31 05:28:48,"62,9","5,8","5,5"
2017-01-31 05:58:48,"62,9","5,8","5,6"
2017-01-31 06:28:48,"62,9","5,8","5,6"
2017-01-31 06:58:48,"62,9","5,8","5,5"
2017-01-31 07:28:48,"62,9","5,8","5,6"
2017-01-31 07:58:48,"62,9","5,8","5,6"
2017-01-31 08:28:48,"62,9","5,8","5,6"
2017-01-31 08:58:48,"62,9","5,8","5,6"
2017-01-31 09:28:48,"62,9","5,8","5,5"
2017-01-31 09:58:48,"62,9","5,8","5,6"
2017-01-31 10:28:48,"62,9","5,8","5,6"
2017-01-31 10:58:48,"62,9","5,8","5,6"
2017-01-31 11:28:48,"62,6","5,8","5,6"
2017-01-31 11:58:48,"62,6","5,8","5,6"
2017-01-31 12:28:48,"62,6","5,8","5,6"
2017-01-31 12:58:48,"62,6","5,8","5,7"
2017-01-31 13:28:48,"62,9","5,8","5,7"
2017-01-31 13:58:48,"62,9","5,8","5,7"
2017-01-31 14:28:48,"62,9","5,8","5,7"
2017-01-31 14:58:48,"62,9","5,8","5,7"
2017-01-31 15:28:48,"62,9","5,8","5,7"
2017-01-31 15:58:48,63,"5,8","5,7"
2017-01-31 16:28:48,63,"5,8","5,8"
2017-01-31 16:58:48,63,"5,8","5,8"
2017-01-31 17:28:48,63,"5,8","5,8"
2017-01-31 17:58:48,"63,4","5,8","5,9"
2017-01-31 18:28:48,"63,4","5,8","5,9"
2017-01-31 18:58:48,"63,4","5,8","5,9"
2017-01-31 19:28:48,"63,4","5,8",6
2017-01-31 19:58:48,64,"5,8",6
2017-01-31 20:28:48,64,"5,8",6
2017-01-31 20:58:48,64,"5,8",6
2017-01-31 21:28:48,64,"5,8",6
2017-01-31 21:58:48,64,"5,8",6
2017-01-31 22:28:48,64,"5,8",6
2017-01-31 22:58:48,64,"5,8",6
2017-01-31 23:28:48,"64,3","5,8",6
2017-01-31 23:58:48,"64,3","5,8",6
2017-02-01 00:58:48,"64,3","5,8","6,1"
2017-02-01 01:28:48,"64,3","5,8","6,1"
2017-02-01 01:58:48,"64,3","5,8",6
2017-02-01 02:28:48,"64,3","5,8","6,1"
2017-02-01 02:58:48,"64,8","5,8","6,1"
2017-02-01 03:28:48,"64,3","5,8",6
2017-02-01 03:58:48,"64,8","5,8","6,1"
2017-02-01 04:28:48,"64,8","5,8","6,1"
2017-02-01 04:58:48,"64,8","5,8","6,1"
2017-02-01 05:28:48,"64,8","5,8","6,1"
2017-02-01 05:58:48,"65,2","5,8","6,1"
2017-02-01 06:28:48,"64,8","5,8","6,1"
2017-02-01 06:58:48,"65,2","5,8","6,2"
2017-02-01 07:28:48,"65,2","5,8","6,2"
2017-02-01 07:58:48,"64,4","5,8","6,2"
2017-02-01 08:28:48,"64,8","5,8","6,3"
2017-02-01 08:58:48,"64,8","5,8","6,2"
2017-02-01 09:28:48,"65,2","5,8","6,2"
2017-02-01 09:58:48,"64,8","5,8","6,2"
2017-02-01 10:28:48,"65,2","5,8","6,2"
2017-02-01 10:58:48,"64,9","5,8","6,2"
2017-02-01 11:28:48,"64,9","5,8","6,3"
2017-02-01 11:58:48,"65,2","5,8","6,3"
2017-02-01 12:28:48,"64,9","5,8","6,2"
2017-02-01 12:58:48,"65,2","5,8","6,3"
2017-02-01 13:28:48,"65,3","5,8","6,3"
2017-02-01 13:58:48,"65,2","5,8","6,4"
2017-02-01 14:28:48,"65,2","5,8","6,3"
2017-02-01 14:58:48,"65,3","5,8","6,3"
2017-02-01 15:28:48,"65,3","5,8","6,4"
2017-02-01 15:58:48,"65,3","5,8","6,4"
2017-02-01 16:28:48,"65,3","5,8","6,4"
2017-02-01 16:58:48,"65,3","5,8","6,4"
2017-02-01 17:28:48,"64,9","5,8","6,4"
2017-02-01 17:58:48,"65,3","5,8","6,5"
2017-02-01 18:28:48,"65,3","5,8","6,4"
2017-02-01 18:58:48,"65,3","5,8","6,4"
2017-02-01 19:28:48,"65,3","5,8","6,4"
2017-02-01 19:58:48,"65,7","5,8","6,4"
2017-02-01 20:28:48,"65,3","5,9","6,4"
2017-02-01 20:58:48,"65,7","5,8","6,4"
2017-02-01 21:28:48,"65,8","5,8","6,4"
2017-02-01 21:58:48,"65,8","5,8","6,5"
2017-02-01 22:28:48,"65,8","5,8","6,5"
2017-02-01 22:58:48,"65,8","5,8","6,5"
2017-02-01 23:28:48,"66,1","5,9","6,5"
2017-02-01 23:58:48,"65,8","5,8","6,5"
2017-02-02 00:28:48,"66,1","5,9","6,5"
2017-02-02 00:58:48,"65,8","5,8","6,5"
2017-02-02 01:28:48,"66,1","5,8","6,6"
2017-02-02 01:58:48,"66,1","5,9","6,6"
2017-02-02 02:28:48,"65,8","5,8","6,6"
2017-02-02 02:58:48,"66,2","5,9","6,7"
2017-02-02 03:28:48,"66,1","5,9","6,7"
2017-02-02 03:58:48,"65,8","5,9","6,6"
2017-02-02 04:28:48,"66,1","5,9","6,6"
2017-02-02 04:58:48,"66,2","5,8","6,6"
2017-02-02 05:28:48,"66,2","5,8","6,7"
2017-02-02 05:58:48,"66,2","5,8","6,7"
2017-02-02 06:28:48,"66,2","5,9","6,7"
2017-02-02 06:58:48,"66,2","5,8","6,7"
2017-02-02 07:28:48,"66,2","5,9","6,7"
2017-02-02 07:58:48,"66,2","5,9","6,7"
2017-02-02 08:28:48,"66,2","5,9","6,8"
2017-02-02 08:58:48,"66,2","5,9","6,7"
2017-02-02 09:28:48,"65,8","5,9","6,7"
2017-02-02 09:58:48,"66,2","5,9","6,8"
2017-02-02 10:28:48,"65,8","5,9","6,7"
2017-02-02 10:58:48,"65,8","5,9","6,8"
2017-02-02 11:28:48,"65,8","5,9","6,8"
2017-02-02 11:58:48,"65,8","5,9","6,8"
2017-02-02 12:28:48,"65,8","5,9","6,8"
2017-02-02 12:58:48,"65,8","5,9","6,8"
2017-02-02 13:28:48,"65,8","5,9","6,8"
2017-02-02 13:58:48,"65,8","5,9","6,8"
2017-02-02 14:28:48,"65,8","5,9","6,8"
2017-02-02 14:58:48,"65,3","5,9","6,8"
2017-02-02 15:28:48,"65,3","5,9","6,8"
2017-02-02 15:58:48,65,"5,9","6,8"
2017-02-02 16:28:48,"64,9","5,9","6,9"
2017-02-02 16:58:48,"65,3","5,9","6,8"
2017-02-02 17:28:48,"65,3","5,9","6,8"
2017-02-02 17:58:48,"65,3","5,9","6,9"
2017-02-02 18:28:48,"65,4","5,9","6,9"
2017-02-02 18:58:48,"65,8","5,9",7
2017-02-02 19:28:48,"65,8","5,9",7
2017-02-02 19:58:48,"65,8","5,9",7
2017-02-02 20:28:48,"65,9","5,9",7
2017-02-02 20:58:48,"66,2","5,9","7,1"
2017-02-02 21:28:48,"65,9","5,9","7,1"
2017-02-02 21:58:48,"66,2","5,9","7,2"
2017-02-02 22:28:48,"66,2","5,9","7,1"
2017-02-02 22:58:48,"66,2","5,9","7,2"
2017-02-02 23:28:48,"66,2","5,9","7,2"
2017-02-02 23:58:48,"66,2","5,9","7,2"
2017-02-03 00:28:48,"66,2","5,9","7,2"
2017-02-03 00:58:48,"66,2","5,9","7,2"
2017-02-03 01:28:48,"66,7","5,9","7,2"
2017-02-03 01:58:48,"66,2","5,9","7,2"
2017-02-03 02:28:48,"66,2","5,9","7,2"
2017-02-03 02:58:48,"66,2","5,9","7,2"
2017-02-03 03:28:48,"66,2","5,9","7,2"
2017-02-03 03:58:48,"66,2","5,9","7,2"
2017-02-03 04:28:48,"66,3","5,9","7,2"
2017-02-03 04:58:48,"66,7","5,9","7,3"
2017-02-03 05:28:48,"66,3","5,9","7,3"
2017-02-03 05:58:48,"66,3","5,9","7,3"
2017-02-03 06:28:48,"65,5","5,9","7,3"
2017-02-03 06:58:48,"65,9","5,9","7,5"
2017-02-03 07:28:48,"66,3","5,9","7,4"
2017-02-03 07:58:48,"65,9","5,9","7,4"
2017-02-03 08:28:48,"65,9","5,9","7,4"
2017-02-03 08:58:48,"66,3","5,9","7,4"
2017-02-03 09:28:48,"65,9","5,9","7,4"
2017-02-03 09:58:48,"65,9","5,9","7,5"
2017-02-03 10:28:48,"66,3","5,9","7,5"
2017-02-03 10:58:48,"65,9","5,9","7,4"
2017-02-03 11:28:48,"65,9","5,9","7,5"
2017-02-03 11:58:48,"65,9","5,9","7,4"
2017-02-03 12:28:48,"65,9","5,9","7,5"
2017-02-03 12:58:48,"65,9","5,9","7,5"
2017-02-03 13:28:48,"65,5","5,9","7,5"
2017-02-03 13:58:48,"65,9","5,9","7,5"
2017-02-03 14:28:48,"65,5","5,9","7,5"
2017-02-03 14:58:48,"65,5","5,9","7,5"
2017-02-03 15:28:48,"65,5","5,9","7,5"
2017-02-03 15:58:48,"65,5","5,9","7,5"
2017-02-03 16:28:48,"65,5","5,9","7,5"
2017-02-03 16:58:48,"65,5","5,9","7,6"
2017-02-03 17:28:48,"65,1","5,9","7,6"
2017-02-03 17:58:48,"65,1","5,9","7,6"
2017-02-03 18:28:48,"65,1","5,9","7,6"
2017-02-03 18:58:48,"65,5","5,9","7,6"
2017-02-03 19:28:48,"65,1","5,9","7,6"
2017-02-03 19:58:48,"65,1","5,9","7,6"
2017-02-03 20:28:48,"65,5","5,9","7,6"
2017-02-03 20:58:48,"65,5","5,9","7,6"
2017-02-03 21:28:48,"65,5","5,9","7,6"
2017-02-03 21:58:48,"65,5","5,9","7,6"
2017-02-03 22:28:48,"65,5","5,9","7,6"
2017-02-03 22:58:48,"65,5","5,9","7,7"
2017-02-03 23:28:48,"65,5","5,9","7,6"
2017-02-03 23:58:48,"65,5","5,9","7,7"
2017-02-04 00:28:48,"65,5","5,9","7,7"
2017-02-04 00:58:48,"65,5","5,9","7,7"
2017-02-04 01:28:48,66,"5,9","7,7"
2017-02-04 01:58:48,"65,5","5,9","7,7"
2017-02-04 02:28:48,"65,5","5,9","7,7"
2017-02-04 02:58:48,66,"5,9","7,8"
2017-02-04 03:28:48,"65,1","5,9","7,7"
2017-02-04 03:58:48,"65,5","5,9","7,9"
2017-02-04 04:28:48,"65,5","5,9","7,8"
2017-02-04 04:58:48,"65,5","5,9","7,8"
2017-02-04 05:28:48,"65,5","5,9","7,8"
2017-02-04 05:58:48,66,"5,9","7,8"
2017-02-04 06:28:48,66,"5,9","7,8"
2017-02-04 06:58:48,66,"5,9","7,9"
2017-02-04 07:28:48,"66,4","5,9","7,9"
2017-02-04 07:58:48,"66,4","5,9","7,8"
2017-02-04 08:28:48,"66,4","5,9","7,8"
2017-02-04 08:58:48,"66,8","5,9","7,9"
2017-02-04 09:28:48,"66,8","5,9","7,8"
2017-02-04 09:58:48,"66,4","5,9","7,8"
2017-02-04 10:28:48,"66,8","5,9","7,9"
2017-02-04 10:58:48,"66,8","5,9","7,8"
2017-02-04 11:28:48,"66,4","5,9","7,8"
2017-02-04 11:58:48,"66,8","5,9","7,8"
2017-02-04 12:28:48,"66,8","5,9","7,8"
2017-02-04 12:58:48,"66,4","5,9","7,8"
2017-02-04 13:28:48,"66,9","5,9","7,9"
2017-02-04 13:58:48,"66,4","5,9","7,9"
2017-02-04 14:28:48,"66,4","5,9","7,9"
2017-02-04 14:58:48,"66,4","5,9","7,9"
2017-02-04 15:28:48,66,"5,9","7,9"
2017-02-04 15:58:48,"66,4","5,9","7,9"
2017-02-04 16:28:48,66,"5,9","7,8"
2017-02-04 16:58:48,66,"5,9","7,9"
2017-02-04 17:28:48,66,"5,9","7,9"
2017-02-04 17:58:48,66,"5,9","7,9"
2017-02-04 18:28:48,66,"5,9","7,9"
2017-02-04 18:58:48,"66,4","5,9",8
2017-02-04 19:28:48,"66,4","5,9",8
2017-02-04 19:58:48,"66,9","5,9",8
2017-02-04 20:28:48,"67,3","5,9",8
2017-02-04 20:58:48,"66,9","5,9",8
2017-02-04 21:28:48,"67,3","5,9","8,1"
2017-02-04 21:58:48,"67,3","5,9",8
2017-02-04 22:28:48,"67,3","5,9",8
2017-02-04 22:58:48,"67,3","5,9",8
2017-02-04 23:28:48,"67,3","5,9",8
2017-02-04 23:58:48,"67,3","5,9",8
2017-02-05 00:28:48,"67,3","5,9",8
2017-02-05 00:58:48,"67,3","5,9",8
2017-02-05 01:28:48,"66,9","5,9",8
2017-02-05 01:58:48,"67,3","5,9",8
2017-02-05 02:28:48,"66,9","5,9",8
2017-02-05 02:58:48,"66,9","5,9",8
2017-02-05 03:28:48,"66,9","5,9",8
2017-02-05 03:58:48,"66,9","5,9",8
2017-02-05 04:28:48,"66,4","5,9",8
2017-02-05 04:58:48,"66,9","5,9",8
2017-02-05 05:28:48,"66,4","5,9",8
2017-02-05 05:58:48,"66,4","5,9",8
2017-02-05 06:28:48,"66,4","5,9",8
2017-02-05 06:58:48,"66,4","5,9",8
2017-02-05 07:28:48,66,"5,9",8
2017-02-05 07:58:48,"66,4","5,9",8
2017-02-05 08:28:48,"66,4","5,9","7,9"
2017-02-05 08:58:48,"66,4","5,9","7,9"
2017-02-05 09:28:48,"66,4","5,9","7,9"
2017-02-05 09:58:48,"66,4","5,9","7,9"
2017-02-05 10:28:48,"66,4","5,9","7,9"
2017-02-05 10:58:48,"66,4","5,9","7,9"
2017-02-05 11:28:48,"66,4","5,9","7,9"
2017-02-05 11:58:48,"66,4","5,9",8
2017-02-05 12:28:48,"66,4","5,9",8
2017-02-05 12:58:48,"66,4","5,9",8
2017-02-05 13:28:48,"66,4","5,9",8
2017-02-05 13:58:48,"66,4","5,9",8
2017-02-05 14:28:48,"66,4","5,9",8
2017-02-05 14:58:48,"66,4","5,9",8
2017-02-05 15:28:48,"66,4","5,9",8
2017-02-05 15:58:48,"66,4","5,9",8
2017-02-05 16:28:48,"66,4","5,9",8
2017-02-05 16:58:48,66,"5,9",8
2017-02-05 17:28:48,"66,4","5,9",8
2017-02-05 17:58:48,"65,6","5,9",8
2017-02-05 18:28:48,66,"5,9","8,1"
2017-02-05 18:58:48,66,"5,9","8,1"
2017-02-05 19:28:48,66,"5,9","8,1"
2017-02-05 19:58:48,66,"5,9","8,1"
2017-02-05 20:28:48,66,"5,9","8,1"
2017-02-05 20:58:48,66,"5,9","8,1"
2017-02-05 21:28:48,66,"5,9","8,1"
2017-02-05 21:58:48,66,"5,9","8,1"
2017-02-05 22:28:48,66,"5,9","8,1"
2017-02-05 22:58:48,"65,6","5,9","8,1"
2017-02-05 23:28:48,66,"5,9","8,1"
2017-02-05 23:58:48,66,"5,9","8,1"
2017-02-06 00:28:48,66,"5,9","8,1"
2017-02-06 00:58:48,"66,1","5,9","8,1"
2017-02-06 01:28:48,"66,1","5,9","8,2"
2017-02-06 01:58:48,"66,4","5,9","8,2"
2017-02-06 02:28:48,"66,4","5,9","8,2"
2017-02-06 02:58:48,"66,4","5,9","8,2"
2017-02-06 03:28:48,"66,4","5,9","8,2"
2017-02-06 03:58:48,"66,1","5,9","8,2"
2017-02-06 04:28:48,"66,1","5,9","8,2"
2017-02-06 04:58:48,"65,6","5,9","8,2"
2017-02-06 05:28:48,"66,1","5,9","8,2"
2017-02-06 05:58:48,"65,6","5,9","8,2"
2017-02-06 06:28:48,"66,1","5,9","8,2"
2017-02-06 06:58:48,"65,6","5,9","8,2"
2017-02-06 07:28:48,"65,6","5,9","8,2"
2017-02-06 07:58:48,"65,6","5,9","8,2"
2017-02-06 08:28:48,"65,6","5,9","8,2"
2017-02-06 08:58:48,"65,6","5,9","8,2"
2017-02-06 09:28:48,"65,6","5,9","8,2"
2017-02-06 09:58:48,"65,2","5,9","8,2"
2017-02-06 10:28:48,"65,6","5,9","8,3"
2017-02-06 10:58:48,"65,6","5,9","8,2"
2017-02-06 11:28:48,"65,6","5,9","8,3"
2017-02-06 11:58:48,"65,6","5,9","8,3"
2017-02-06 12:28:48,"65,2","5,9","8,3"
2017-02-06 12:58:48,"65,2","5,9","8,3"
2017-02-06 13:28:48,"65,2","5,9","8,3"
2017-02-06 13:58:48,"65,2","5,9","8,3"
2017-02-06 14:28:48,"65,2","5,9","8,3"
2017-02-06 14:58:48,"65,2","5,9","8,3"
2017-02-06 15:28:48,"65,2","5,9","8,4"
2017-02-06 15:58:48,"65,2","5,9","8,4"
2017-02-06 16:28:48,"65,2","5,9","8,4"
2017-02-06 16:58:48,"65,2","5,9","8,4"
2017-02-06 17:28:48,"65,2","5,9","8,4"
2017-02-06 17:58:48,"65,2","5,9","8,4"
2017-02-06 18:28:48,"65,2","5,9","8,4"
2017-02-06 18:58:48,"65,2","5,9","8,4"
2017-02-06 19:28:48,"65,2","5,9","8,4"
2017-02-06 19:58:48,"65,6","5,9","8,5"
2017-02-06 20:28:48,"65,6","5,9","8,4"
2017-02-06 20:58:48,"65,6","5,9","8,5"
2017-02-06 21:28:48,"65,6","5,9","8,5"
2017-02-06 21:58:48,"65,6","5,9","8,5"
2017-02-06 22:28:48,"65,6","5,9","8,5"
2017-02-06 22:58:48,"66,1","5,9","8,5"
2017-02-06 23:28:48,"65,6","5,9","8,5"
2017-02-06 23:58:48,"66,1","5,9","8,5"
2017-02-07 00:28:48,"65,6","5,9","8,5"
2017-02-07 00:58:48,"66,1","5,9","8,6"
2017-02-07 01:28:48,"66,1","5,9","8,6"
2017-02-07 01:58:48,"65,6","5,9","8,6"
2017-02-07 02:28:48,"66,1","5,9","8,6"
2017-02-07 02:58:48,"66,1","5,9","8,6"
2017-02-07 03:28:48,"66,1","5,9","8,6"
2017-02-07 03:58:48,"66,5","5,9","8,6"
2017-02-07 04:28:48,"66,5","5,9","8,6"
2017-02-07 04:58:48,"66,1","5,9","8,6"
2017-02-07 05:28:48,"66,5","5,9","8,6"
2017-02-07 05:58:48,"66,5","5,9","8,6"
2017-02-07 06:28:48,"66,5","5,9","8,6"
2017-02-07 06:58:48,"66,5","5,9","8,6"
2017-02-07 07:28:48,"66,5","5,9","8,6"
2017-02-07 07:58:48,"66,5","5,9","8,6"
2017-02-07 08:28:48,67,"5,9","8,6"
2017-02-07 08:58:48,67,"5,9","8,6"
2017-02-07 09:28:48,67,"5,9","8,6"
2017-02-07 09:58:48,67,"5,9","8,7"
2017-02-07 10:28:48,67,"5,9","8,6"
2017-02-07 10:58:48,67,"5,9","8,6"
2017-02-07 11:28:48,"66,5","5,9","8,6"
2017-02-07 11:58:48,"66,5","5,9","8,7"
2017-02-07 12:28:48,"66,1","5,9","8,7"
2017-02-07 12:58:48,"66,5","5,9","8,7"
2017-02-07 13:28:48,"66,1","5,9","8,7"
2017-02-07 13:58:48,"66,2","5,9","8,7"
2017-02-07 14:28:48,"65,7","5,9","8,8"
2017-02-07 14:58:48,"65,7","5,9","8,7"
2017-02-07 15:28:48,"65,7","5,9","8,8"
2017-02-07 15:58:48,"65,7","5,9","8,7"
2017-02-07 16:28:48,"65,7","5,9","8,7"
2017-02-07 16:58:48,"65,7","5,9","8,8"
2017-02-07 17:28:48,"65,7","5,9","8,8"
2017-02-07 17:58:48,"65,3","5,9","8,8"
2017-02-07 18:28:48,"65,7","5,9","8,8"
2017-02-07 18:58:48,"65,3","5,9","8,8"
2017-02-07 19:28:48,"65,7","5,9","8,8"
2017-02-07 19:58:48,"65,3","5,9","8,8"
2017-02-07 20:28:48,"65,3","5,9","8,8"
2017-02-07 20:58:48,"65,7","5,9","8,8"
2017-02-07 21:28:48,"65,7","5,9","8,8"
2017-02-07 21:58:48,"65,3","5,9","8,8"
2017-02-07 22:28:48,"65,7","5,9","8,8"
2017-02-07 22:58:48,"65,3","5,9","8,8"
2017-02-07 23:28:48,"65,7","5,9","8,8"
2017-02-07 23:58:48,"65,7","5,9","8,8"
2017-02-08 00:28:48,"65,3","5,9","8,8"
2017-02-08 00:58:48,"65,3","5,9","8,8"
2017-02-08 01:28:48,"65,3","5,9","8,8"
2017-02-08 01:58:48,"65,3","5,9","8,8"
2017-02-08 02:28:48,"65,3","5,9","8,8"
2017-02-08 02:58:48,"65,3","5,9","8,8"
2017-02-08 03:28:48,"65,3","5,9","8,8"
2017-02-08 03:58:48,"65,3","5,9","8,8"
2017-02-08 04:28:48,"65,3","5,9","8,8"
2017-02-08 04:58:48,"64,8","5,9","8,8"
2017-02-08 05:28:48,"65,3","5,9","8,8"
2017-02-08 05:58:48,"64,8","5,9","8,8"
2017-02-08 06:28:48,"65,3","5,9","8,8"
2017-02-08 06:58:48,"64,8","5,9","8,8"
2017-02-08 07:28:48,"64,8","5,9","8,8"
2017-02-08 07:58:48,"64,8","5,9","8,8"
2017-02-08 08:28:48,"64,4","5,9","8,8"
2017-02-08 08:58:48,"64,4","5,9","8,8"
2017-02-08 09:28:48,"64,8","5,9","8,8"
2017-02-08 09:58:48,"64,4","5,9","8,8"
2017-02-08 10:28:48,"64,4","5,9","8,8"
2017-02-08 10:58:48,"64,4","5,9","8,8"
2017-02-08 11:28:48,"64,4","5,9","8,8"
2017-02-08 11:58:48,"64,4","5,9","8,8"
2017-02-08 12:28:48,"64,4","5,9","8,8"
2017-02-08 12:58:48,"64,4","5,9","8,8"
2017-02-08 13:28:48,"64,4","5,9","8,8"
2017-02-08 13:58:48,"64,4","5,9","8,8"
2017-02-08 14:28:48,"64,4","5,9","8,8"
2017-02-08 14:58:48,"64,4","5,9","8,8"
2017-02-08 15:28:48,"64,4","5,9","8,8"
2017-02-08 15:58:48,"64,4","5,9","8,8"
2017-02-08 16:28:48,"63,9","5,9","8,8"
2017-02-08 16:58:48,"63,9","5,9","8,9"
2017-02-08 17:28:48,"63,9","5,9","8,8"
2017-02-08 17:58:48,"63,9","5,9","8,8"
2017-02-08 18:28:48,"63,9","5,9","8,8"
2017-02-08 18:58:48,"63,5","5,9","8,8"
2017-02-08 19:28:48,"63,9","5,9","8,9"
2017-02-08 19:58:48,"63,9","5,9","8,8"
2017-02-08 20:28:48,"63,9","5,9","8,8"
2017-02-08 20:58:48,"63,5","5,9","8,8"
2017-02-08 21:28:48,"63,5","5,9","8,8"
2017-02-08 21:58:48,"63,5","5,9","8,8"
2017-02-08 22:28:48,"63,5","5,9","8,8"
2017-02-08 22:58:48,"63,5","5,9","8,8"
2017-02-08 23:28:48,"63,1","5,9","8,8"
2017-02-08 23:58:48,"63,1","5,9","8,8"
2017-02-09 00:28:48,"63,1","5,9","8,8"
2017-02-09 00:58:48,"62,6","5,9","8,8"
2017-02-09 01:28:48,"63,1","5,9","8,8"
2017-02-09 01:58:48,"62,6","5,9","8,8"
2017-02-09 02:28:48,"62,6","5,9","8,8"
2017-02-09 02:58:48,"63,1","5,9","8,7"
2017-02-09 03:28:48,"62,6","5,9","8,7"
2017-02-09 03:58:48,"62,6","5,9","8,7"
2017-02-09 04:28:48,"62,6","5,9","8,7"
2017-02-09 04:58:48,"62,6","5,9","8,6"
2017-02-09 05:28:48,"62,6","5,9","8,6"
2017-02-09 05:58:48,"62,6","5,9","8,5"
2017-02-09 06:28:48,63,"5,9","8,5"
2017-02-09 06:58:48,"62,2","5,9","8,5"
2017-02-09 07:28:48,"62,2","5,9","8,6"
2017-02-09 07:58:48,"62,6","5,9","8,5"
2017-02-09 08:28:48,"62,6","5,9","8,4"
2017-02-09 08:58:48,"62,6","5,9","8,4"
2017-02-09 09:28:48,"62,6","5,9","8,4"
2017-02-09 09:58:48,"62,6","5,9","8,4"
2017-02-09 10:28:48,"62,2","5,9","8,4"
2017-02-09 10:58:48,"62,6","5,9","8,5"
2017-02-09 11:28:48,"62,6","5,9","8,5"
2017-02-09 11:58:48,"62,2","5,9","8,5"
2017-02-09 12:28:48,"62,6","5,9","8,6"
2017-02-09 12:58:48,63,"5,9","8,6"
2017-02-09 13:28:48,"62,6","5,9","8,5"
2017-02-09 13:58:48,"62,6","5,9","8,6"
2017-02-09 14:28:48,"62,6","5,9","8,6"
2017-02-09 14:58:48,"62,6","5,9","8,6"
2017-02-09 15:28:48,"63,1","5,9","8,6"
2017-02-09 15:58:48,"62,6","5,9","8,6"
2017-02-09 16:28:48,63,"5,9","8,6"
2017-02-09 16:58:48,"62,6","5,9","8,5"
2017-02-09 17:28:48,"62,6","5,9","8,6"
2017-02-09 17:58:48,63,"5,9","8,6"
2017-02-09 18:28:48,"62,6","5,9","8,5"
2017-02-09 18:58:48,"62,6","5,9","8,6"
2017-02-09 19:28:48,"62,6","5,9","8,6"
2017-02-09 19:58:48,"62,6","5,9","8,6"
2017-02-09 20:28:48,"62,6","5,9","8,6"
2017-02-09 20:58:48,"62,6","5,9","8,6"
2017-02-09 21:28:48,"62,6","5,9","8,6"
2017-02-09 21:58:48,"62,6","5,9","8,6"
2017-02-09 22:28:48,"62,6","5,9","8,5"
2017-02-09 22:58:48,"62,6","5,9","8,5"
2017-02-09 23:28:48,"62,6","5,9","8,6"
2017-02-09 23:58:48,"62,6","5,9","8,5"
2017-02-10 00:28:48,"62,2","5,9","8,5"
2017-02-10 00:58:48,"62,6","5,9","8,5"
2017-02-10 01:28:48,"62,6","5,9","8,5"
2017-02-10 01:58:48,"62,6","5,9","8,4"
2017-02-10 02:28:48,"62,6","5,9","8,4"
2017-02-10 02:58:48,"62,2","5,9","8,4"
2017-02-10 03:28:48,"62,2","5,9","8,4"
2017-02-10 03:58:48,"62,6","5,9","8,4"
2017-02-10 04:28:48,"62,6","5,9","8,4"
2017-02-10 04:58:48,"62,6","5,9","8,4"
2017-02-10 05:28:48,"62,2","5,9","8,4"
2017-02-10 05:58:48,"62,2","5,9","8,4"
2017-02-10 06:28:48,"62,6","5,9","8,4"
2017-02-10 06:58:48,"62,6","5,9","8,4"
2017-02-10 07:28:48,"62,2","5,9","8,4"
2017-02-10 07:58:48,"62,2","5,9","8,4"
2017-02-10 08:28:48,"62,6","5,9","8,4"
2017-02-10 08:58:48,"62,5","5,9","8,4"
2017-02-10 09:28:48,"62,5","5,9","8,3"
2017-02-10 09:58:48,"62,2","5,9","8,3"
2017-02-10 10:28:48,"62,2","5,9","8,4"
2017-02-10 10:58:48,"62,6","5,9","8,4"
2017-02-10 11:28:48,"62,5","5,9","8,4"
2017-02-10 11:58:48,"62,5","5,9","8,3"
2017-02-10 12:28:48,"62,2","5,9","8,3"
2017-02-10 12:58:48,"62,6","5,9","8,4"
2017-02-10 13:28:48,"62,6","5,9","8,4"
2017-02-10 13:58:48,"62,2","5,9","8,4"
2017-02-10 14:28:48,"62,2","5,9","8,4"
2017-02-10 14:58:48,"62,6","5,9","8,4"
2017-02-10 15:28:48,"62,2","5,9","8,4"
2017-02-10 15:58:48,"62,2","5,9","8,4"
2017-02-10 16:28:48,"62,6","5,9","8,4"
2017-02-10 16:58:48,"62,2","5,9","8,4"
2017-02-10 17:28:48,"62,6","5,9","8,4"
2017-02-10 17:58:48,"62,2","5,9","8,4"
2017-02-10 18:28:48,"62,6","5,9","8,5"
2017-02-10 18:58:48,"62,6","5,9","8,5"
2017-02-10 19:28:48,"62,6","5,9","8,5"
2017-02-10 19:58:48,"62,6","5,9","8,5"
2017-02-10 20:28:48,"62,6","5,9","8,5"
2017-02-10 20:58:48,"62,6","5,9","8,5"
2017-02-10 21:28:48,"62,6","5,9","8,5"
2017-02-10 21:58:48,63,"5,9","8,5"
2017-02-10 22:28:48,"62,6","5,9","8,5"
2017-02-10 22:58:48,63,"5,9","8,6"
2017-02-10 23:28:48,63,"5,9","8,5"
2017-02-10 23:58:48,63,"5,9","8,5"
2017-02-11 00:28:48,"63,1","5,9","8,5"
2017-02-11 00:58:48,"63,1","5,9","8,6"
2017-02-11 01:28:48,"63,4","5,9","8,6"
2017-02-11 01:58:48,"63,1","5,9","8,5"
2017-02-11 02:28:48,"63,4","5,9","8,6"
2017-02-11 02:58:48,"63,4","5,9","8,5"
2017-02-11 03:28:48,"63,4","5,9","8,5"
2017-02-11 03:58:48,"63,4","5,9","8,5"
2017-02-11 04:28:48,"63,4","5,9","8,6"
2017-02-11 04:58:48,"63,4","5,9","8,5"
2017-02-11 05:28:48,"63,4","5,9","8,6"
2017-02-11 05:58:48,"63,4","5,9","8,5"
2017-02-11 06:28:48,"63,8","5,9","8,6"
2017-02-11 06:58:48,"63,8","5,9","8,6"
2017-02-11 07:28:48,"63,8","5,9","8,6"
2017-02-11 07:58:48,"63,8","5,9","8,6"
2017-02-11 08:28:48,"63,8","5,9","8,6"
2017-02-11 08:58:48,"63,8","5,9","8,6"
2017-02-11 09:28:48,"63,5","5,9","8,6"
2017-02-11 09:58:48,"63,4","5,9","8,7"
2017-02-11 10:28:48,"63,8","5,9","8,6"
2017-02-11 10:58:48,"63,5","5,9","8,6"
2017-02-11 11:28:48,"63,5","5,9","8,7"
2017-02-11 11:58:48,"63,8","5,9","8,7"
2017-02-11 12:28:48,"63,8","5,9","8,6"
2017-02-11 12:58:48,"63,8","5,9","8,7"
2017-02-11 13:28:48,"63,8","5,9","8,7"
2017-02-11 13:58:48,"63,8","5,9","8,7"
2017-02-11 14:28:48,"63,8","5,9","8,7"
2017-02-11 14:58:48,"63,8","5,9","8,7"
2017-02-11 15:28:48,"63,9","5,9","8,7"
2017-02-11 15:58:48,"63,8","5,9","8,8"
2017-02-11 16:28:48,"63,9","5,9","8,7"
2017-02-11 16:28:48,"63,9","5,9","8,7"
