2016-01-01 00:51:12,"56,7","5,9","8,8"
2016-01-01 01:21:12,"56,7","5,9","8,7"
2016-01-01 01:51:12,"56,7","5,9","8,7"
2016-01-01 02:21:12,"56,7","5,9","8,7"
2016-01-01 02:51:12,"56,7","5,9","8,7"
2016-01-01 03:21:12,"56,7","5,9","8,7"
2016-01-01 03:51:12,"56,7","5,9","8,6"
2016-01-01 04:21:12,"56,7","5,9","8,7"
2016-01-01 04:51:12,"56,7","5,9","8,6"
2016-01-01 05:21:12,"56,7","5,9","8,6"
2016-01-01 05:51:12,"56,7","5,9","8,6"
2016-01-01 06:21:12,"56,7","5,9","8,6"
2016-01-01 06:51:12,"56,1","5,9","8,6"
2016-01-01 07:21:12,"56,1","5,9","8,6"
2016-01-01 07:51:12,"56,1","5,9","8,6"
2016-01-01 08:21:12,"56,1","5,9","8,5"
2016-01-01 08:51:12,"56,1","5,9","8,5"
2016-01-01 09:21:12,"55,7","5,8","8,5"
2016-01-01 09:51:12,"55,7","5,8","8,5"
2016-01-01 10:21:12,"55,7","5,8","8,5"
2016-01-01 10:51:12,57,"5,8","8,5"
2016-01-01 11:21:12,"56,7","5,8","8,6"
2016-01-01 11:51:12,"56,1","5,8","8,6"
2016-01-01 12:21:12,"56,1","5,8","8,6"
2016-01-01 12:51:12,"56,1","5,8","8,6"
2016-01-01 13:21:12,"56,1","5,8","8,6"
2016-01-01 13:51:12,"56,1","5,8","8,6"
2016-01-01 14:21:12,"56,1","5,8","8,6"
2016-01-01 14:51:12,"56,7","5,8","8,6"
2016-01-01 15:21:12,"56,7","5,8","8,6"
2016-01-01 15:51:12,"56,7","5,8","8,7"
2016-01-01 16:21:12,"56,7","5,8","8,7"
2016-01-01 16:51:12,"56,7","5,8","8,7"
2016-01-01 17:21:12,"57,1","5,8","8,8"
2016-01-01 17:51:12,"57,1","5,8","8,8"
2016-01-01 18:21:12,"57,1","5,7","8,8"
2016-01-01 18:51:12,"57,1","5,7","8,8"
2016-01-01 19:21:12,"57,1","5,7","8,8"
2016-01-01 19:51:12,"57,1","5,8","8,8"
2016-01-01 20:21:12,"57,1","5,8","8,8"
2016-01-01 20:51:12,"57,1","5,8","8,8"
2016-01-01 21:21:12,"57,1","5,7","8,7"
2016-01-01 21:51:12,"57,1","5,7","8,7"
2016-01-01 22:21:12,57,"5,8","8,7"
2016-01-01 22:51:12,57,"5,8","8,6"
2016-01-01 23:21:12,57,"5,8","8,6"
2016-01-01 23:51:12,"56,6","5,8","8,6"
2016-01-02 00:21:12,"56,6","5,8","8,5"
2016-01-02 00:51:12,"56,6","5,8","8,5"
2016-01-02 01:21:12,"56,6","5,8","8,5"
2016-01-02 01:51:12,"56,1","5,8","8,4"
2016-01-02 02:21:12,"56,1","5,8","8,4"
2016-01-02 02:51:12,"56,1","5,8","8,4"
2016-01-02 03:21:12,"56,1","5,8","8,4"
2016-01-02 03:51:12,"56,1","5,8","8,4"
2016-01-02 04:21:12,"56,1","5,8","8,4"
2016-01-02 04:51:12,56,"5,8","8,4"
2016-01-02 05:21:12,56,"5,8","8,3"
2016-01-02 05:51:12,"55,6","5,8","8,3"
2016-01-02 06:21:12,"55,7","5,8","8,2"
2016-01-02 06:51:12,"55,6","5,8","8,3"
2016-01-02 07:21:12,"55,6","5,8","8,2"
2016-01-02 07:51:12,"55,6","5,8","8,2"
2016-01-02 08:21:12,"55,6","5,8","8,2"
2016-01-02 08:51:12,"55,6","5,8","8,2"
2016-01-02 09:21:12,"55,6","5,8","8,2"
2016-01-02 09:51:12,"55,6","5,8","8,2"
2016-01-02 10:21:12,"55,6","5,8","8,2"
2016-01-02 10:51:12,"55,6","5,8","8,2"
2016-01-02 11:21:12,"55,6","5,8","8,2"
2016-01-02 11:51:12,"55,6","5,8","8,2"
2016-01-02 12:21:12,"55,7","5,8","8,2"
2016-01-02 12:51:12,"55,6","5,8","8,3"
2016-01-02 13:21:12,"55,6","5,8","8,2"
2016-01-02 13:51:12,56,"5,8","8,2"
2016-01-02 14:21:12,56,"5,7","8,2"
2016-01-02 14:51:12,56,"5,7","8,2"
2016-01-02 15:21:12,"56,6","5,8","8,2"
2016-01-02 15:51:12,"56,6","5,8","8,2"
2016-01-02 16:21:12,"56,6","5,8","8,3"
2016-01-02 16:51:12,"56,6","5,8","8,3"
2016-01-02 17:21:12,57,"5,8","8,3"
2016-01-02 17:51:12,57,"5,8","8,3"
2016-01-02 18:21:12,57,"5,8","8,3"
2016-01-02 18:51:12,"57,6","5,8","8,3"
2016-01-02 19:21:12,"57,6","5,8","8,3"
2016-01-02 19:51:12,"57,6","5,8","8,3"
2016-01-02 20:21:12,58,"5,8","8,3"
2016-01-02 20:51:12,58,"5,8","8,3"
2016-01-02 21:21:12,58,"5,8","8,3"
2016-01-02 21:51:12,"58,4","5,8","8,3"
2016-01-02 22:21:12,57,"5,8","8,3"
2016-01-02 22:51:12,58,"5,8","8,4"
2016-01-02 23:21:12,58,"5,8","8,4"
2016-01-02 23:51:12,"58,4","5,8","8,4"
2016-01-03 00:21:12,"58,4","5,8","8,4"
2016-01-03 00:51:12,"57,6","5,8","8,4"
2016-01-03 01:21:12,58,"5,8","8,5"
2016-01-03 01:51:12,"58,4","5,8","8,4"
2016-01-03 02:21:12,58,"5,8","8,4"
2016-01-03 02:51:12,58,"5,8","8,5"
2016-01-03 03:21:12,"58,5","5,8","8,6"
2016-01-03 03:51:12,"57,6","5,8","8,5"
2016-01-03 04:21:12,58,"5,8","8,6"
2016-01-03 04:51:12,"58,5","5,8","8,6"
2016-01-03 05:21:12,58,"5,8","8,6"
2016-01-03 05:51:12,"58,5","5,8","8,7"
2016-01-03 06:21:12,"58,5","5,8","8,6"
2016-01-03 06:51:12,58,"5,8","8,6"
2016-01-03 07:21:12,"58,5","5,8","8,7"
2016-01-03 07:51:12,"57,7","5,8","8,7"
2016-01-03 08:21:12,"58,5","5,8","8,8"
2016-01-03 08:51:12,"57,7","5,8","8,8"
2016-01-03 09:21:12,58,"5,8","8,9"
2016-01-03 09:51:12,"57,7","5,8","8,8"
2016-01-03 10:21:12,"58,5","5,8",9
2016-01-03 10:51:12,"57,7","5,8","8,9"
2016-01-03 11:21:12,"57,1","5,8",9
2016-01-03 11:51:12,"58,1","5,8","9,1"
2016-01-03 12:21:12,"57,7","5,8","9,1"
2016-01-03 12:51:12,"57,1","5,8","9,2"
2016-01-03 13:21:12,"57,7","5,8","9,2"
2016-01-03 13:51:12,"57,1","5,8","9,2"
2016-01-03 14:21:12,"57,7","5,8","9,2"
2016-01-03 14:51:12,"57,1","5,8","9,2"
2016-01-03 15:21:12,"57,1","5,8","9,2"
2016-01-03 15:51:12,"57,7","5,8","9,2"
2016-01-03 16:21:12,"58,1","5,8","9,2"
2016-01-03 16:51:12,"57,1","5,8","9,1"
2016-01-03 17:21:12,"57,7","5,8","9,2"
2016-01-03 17:51:12,"57,7","5,8","9,2"
2016-01-03 18:21:12,"58,1","5,8","9,2"
2016-01-03 18:51:12,"57,1","5,8","9,1"
2016-01-03 19:21:12,"57,1","5,8","9,2"
2016-01-03 19:51:12,"57,7","5,8","9,2"
2016-01-03 20:21:12,"57,7","5,8","9,1"
2016-01-03 20:51:12,"57,7","5,8","9,1"
2016-01-03 21:21:12,"57,7","5,8",9
2016-01-03 21:51:12,"57,7","5,8",9
2016-01-03 22:21:12,"57,7","5,9","8,9"
2016-01-03 22:51:12,"57,7","5,9","8,9"
2016-01-03 23:21:12,"57,7","5,9","8,9"
2016-01-03 23:51:12,"57,7","5,9","8,8"
2016-01-04 00:21:12,"57,1","5,9","8,8"
2016-01-04 00:51:12,"57,1","5,9","8,8"
2016-01-04 01:21:12,"57,1","5,9","8,8"
2016-01-04 01:51:12,"57,1","5,9","8,8"
2016-01-04 02:21:12,"57,1","5,9","8,8"
2016-01-04 02:51:12,"57,1","5,9","8,8"
2016-01-04 03:21:12,"57,1","5,9","8,8"
2016-01-04 03:51:12,"57,1","5,9","8,7"
2016-01-04 04:21:12,"57,1","5,9","8,7"
2016-01-04 04:51:12,"57,1","5,9","8,7"
2016-01-04 05:21:12,"57,1","5,9","8,7"
2016-01-04 05:51:12,57,"5,9","8,7"
2016-01-04 06:21:12,57,"5,9","8,6"
2016-01-04 06:51:12,57,"5,9","8,6"
2016-01-04 07:21:12,57,"5,9","8,6"
2016-01-04 07:51:12,57,"5,9","8,6"
2016-01-04 08:21:12,57,"5,9","8,6"
2016-01-04 08:51:12,57,"5,9","8,6"
2016-01-04 09:21:12,57,"5,9","8,6"
2016-01-04 09:51:12,57,"5,9","8,6"
2016-01-04 10:21:12,"57,6","5,9","8,6"
2016-01-04 10:51:12,"57,6","5,9","8,6"
2016-01-04 11:21:12,"57,6","5,9","8,6"
2016-01-04 11:51:12,"57,6","5,9","8,7"
2016-01-04 12:21:12,"57,6","5,9","8,7"
2016-01-04 12:51:12,58,"5,9","8,6"
2016-01-04 13:21:12,58,"5,9","8,6"
2016-01-04 13:51:12,58,"5,9","8,6"
2016-01-04 14:21:12,58,"5,9","8,6"
2016-01-04 14:51:12,"58,5","5,9","8,6"
2016-01-04 15:21:12,"58,5","5,9","8,6"
2016-01-04 15:51:12,"58,5","5,9","8,6"
2016-01-04 16:21:12,"58,5","5,9","8,6"
2016-01-04 16:51:12,"58,5","5,9","8,6"
2016-01-04 17:21:12,"58,5","5,9","8,6"
2016-01-04 17:51:12,"58,5","5,9","8,6"
2016-01-04 18:21:12,"58,5","5,9","8,6"
2016-01-04 18:51:12,59,"5,9","8,6"
2016-01-04 19:21:12,59,"5,9","8,6"
2016-01-04 19:51:12,59,"5,9","8,6"
2016-01-04 20:21:12,"58,5","5,9","8,6"
2016-01-04 20:51:12,58,"5,9","8,6"
2016-01-04 21:21:12,"58,5","5,9","8,6"
2016-01-04 21:51:12,59,"5,9","8,6"
2016-01-04 22:21:12,"58,9","5,9","8,6"
2016-01-04 22:51:12,"58,9","5,9","8,5"
2016-01-04 23:21:12,"58,5","5,9","8,5"
2016-01-04 23:51:12,"58,5","5,9","8,6"
2016-01-05 00:21:12,"58,9","5,9","8,6"
2016-01-05 00:51:12,58,"5,9","8,5"
2016-01-05 01:21:12,58,"5,9","8,6"
2016-01-05 01:51:12,"58,5","5,9","8,6"
2016-01-05 02:21:12,"58,9","5,9","8,6"
2016-01-05 02:51:12,"58,9","5,9","8,5"
2016-01-05 03:21:12,"58,5","5,9","8,5"
2016-01-05 03:51:12,58,"5,9","8,6"
2016-01-05 04:21:12,"58,5","5,9","8,6"
2016-01-05 04:51:12,"58,5","5,9","8,5"
2016-01-05 05:21:12,"58,9","5,9","8,5"
2016-01-05 05:51:12,"58,9","5,9","8,5"
2016-01-05 06:21:12,"58,9","5,9","8,5"
2016-01-05 06:51:12,"57,6","5,9","8,4"
2016-01-05 07:21:12,58,"5,9","8,6"
2016-01-05 07:51:12,"58,5","5,9","8,5"
2016-01-05 08:21:12,"58,4","5,9","8,5"
2016-01-05 08:51:12,"58,9","5,9","8,4"
2016-01-05 09:21:12,"58,9","5,9","8,4"
2016-01-05 09:51:12,"58,9","5,9","8,5"
2016-01-05 10:21:12,58,"5,9","8,4"
2016-01-05 10:51:12,"58,5","5,9","8,6"
2016-01-05 11:21:12,"58,9","5,9","8,6"
2016-01-05 11:51:12,58,"5,9","8,5"
2016-01-05 12:21:12,"58,5","5,9","8,6"
2016-01-05 12:51:12,"57,6","5,9","8,6"
2016-01-05 13:21:12,"58,5","5,9","8,7"
2016-01-05 13:51:12,"58,5","5,9","8,7"
2016-01-05 14:21:12,58,"5,9","8,7"
2016-01-05 14:51:12,"58,5","5,9","8,8"
2016-01-05 15:21:12,58,"5,9","8,7"
2016-01-05 15:51:12,"58,5","5,9","8,8"
2016-01-05 16:21:12,"57,7","5,9","8,8"
2016-01-05 16:51:12,"58,1","5,9","8,8"
2016-01-05 17:21:12,"58,1","5,9","8,9"
2016-01-05 17:51:12,"57,7","5,9","8,9"
2016-01-05 18:21:12,"58,5","5,9",9
2016-01-05 18:51:12,"58,1","5,9","8,9"
2016-01-05 19:21:12,"58,1","5,9",9
2016-01-05 19:51:12,"58,1","5,9",9
2016-01-05 20:21:12,"57,7","5,9",9
2016-01-05 20:51:12,"58,1","5,9","9,1"
2016-01-05 21:21:12,"58,1","5,9",9
2016-01-05 21:51:12,"57,7","5,9",9
2016-01-05 22:21:12,"58,5","5,9","9,1"
2016-01-05 22:51:12,"58,1","5,9",9
2016-01-05 23:21:12,"57,7","5,9",9
2016-01-05 23:51:12,"58,1","5,9","9,1"
2016-01-06 00:21:12,"57,7","5,9",9
2016-01-06 00:51:12,"58,5","5,9",9
2016-01-06 01:21:12,"58,1","5,9",9
2016-01-06 01:51:12,"58,5","5,9",9
2016-01-06 02:21:12,"58,1","5,9","8,9"
2016-01-06 02:51:12,"58,5","5,9",9
2016-01-06 03:21:12,"58,1","5,9","8,9"
2016-01-06 03:51:12,"58,5","5,9",9
2016-01-06 04:21:12,"57,7","5,9","8,9"
2016-01-06 04:51:12,58,"5,9","8,9"
2016-01-06 05:21:12,"58,5","5,9","8,8"
2016-01-06 05:51:12,58,"5,9","8,8"
2016-01-06 06:21:12,"58,5","5,9","8,8"
2016-01-06 06:51:12,58,"5,9","8,8"
2016-01-06 07:21:12,"58,5","5,9","8,8"
2016-01-06 07:51:12,58,"5,9","8,8"
2016-01-06 08:21:12,"58,5","5,9","8,8"
2016-01-06 08:51:12,"57,7","5,9","8,8"
2016-01-06 09:21:12,"58,1","5,9","8,9"
2016-01-06 09:51:12,"58,5","5,9","8,9"
2016-01-06 10:21:12,"57,7","5,9","8,8"
2016-01-06 10:51:12,58,"5,9","8,9"
2016-01-06 11:21:12,"57,7","5,9","8,8"
2016-01-06 11:51:12,"58,1","5,9",9
2016-01-06 12:21:12,"57,7","5,9",9
2016-01-06 12:51:12,"58,1","5,9",9
2016-01-06 13:21:12,"57,7","5,9",9
2016-01-06 13:51:12,"58,1","5,9","9,1"
2016-01-06 14:21:12,"57,7","5,9","9,1"
2016-01-06 14:51:12,"57,7","5,9","9,1"
2016-01-06 15:21:12,"57,7","5,9","9,1"
2016-01-06 15:51:12,"57,1","5,9","9,1"
2016-01-06 16:21:12,"58,1","5,9","9,2"
2016-01-06 16:51:12,"57,1","5,9","9,1"
2016-01-06 17:21:12,"58,1","5,9","9,3"
2016-01-06 17:51:12,"57,7","5,9","9,2"
2016-01-06 18:21:12,"57,1","5,9","9,2"
2016-01-06 18:51:12,"58,1","5,9","9,3"
2016-01-06 19:21:12,"57,7","5,9","9,3"
2016-01-06 19:51:12,"57,2","5,9","9,4"
2016-01-06 20:21:12,"58,1","5,9","9,4"
2016-01-06 20:51:12,"57,7","5,9","9,3"
2016-01-06 21:21:12,"57,2","5,9","9,3"
2016-01-06 21:51:12,"58,1","5,9","9,4"
2016-01-06 22:21:12,"58,1","5,9","9,3"
2016-01-06 22:51:12,"57,7","5,9","9,3"
2016-01-06 23:21:12,"58,1","5,9","9,3"
2016-01-06 23:51:12,"57,7","5,9","9,2"
2016-01-07 00:21:12,"58,1","5,9","9,2"
2016-01-07 00:51:12,"57,7","5,9","9,2"
2016-01-07 01:21:12,"58,1","5,9","9,1"
2016-01-07 01:51:12,"57,7","5,9","9,1"
2016-01-07 02:21:12,"58,1","5,9","9,1"
2016-01-07 02:51:12,"58,1","5,9",9
2016-01-07 03:21:12,"58,5","5,9",9
2016-01-07 03:51:12,"58,5","5,9","8,9"
2016-01-07 04:21:12,"58,5","5,9","8,9"
2016-01-07 04:51:12,"58,5","5,9","8,8"
2016-01-07 05:21:12,"58,5","5,9","8,8"
2016-01-07 05:51:12,"58,5","5,9","8,8"
2016-01-07 06:21:12,"58,5","5,9","8,7"
2016-01-07 06:51:12,"58,5","5,9","8,7"
2016-01-07 07:21:12,"58,5","5,9","8,6"
2016-01-07 07:51:12,58,"5,9","8,6"
2016-01-07 08:21:12,58,"5,9","8,6"
2016-01-07 08:51:12,58,"5,9","8,6"
2016-01-07 09:21:12,58,"5,9","8,6"
2016-01-07 09:51:12,58,"5,9","8,5"
2016-01-07 10:21:12,"58,5","5,9","8,5"
2016-01-07 10:51:12,"58,5","5,9","8,6"
2016-01-07 11:21:12,"58,5","5,9","8,5"
2016-01-07 11:51:12,58,"5,9","8,6"
2016-01-07 12:21:12,"57,6","5,9","8,6"
2016-01-07 12:51:12,58,"5,9","8,6"
2016-01-07 13:21:12,"58,5","5,9","8,6"
2016-01-07 13:51:12,59,"5,9","8,6"
2016-01-07 14:21:12,58,"5,9","8,6"
2016-01-07 14:51:12,"58,5","5,9","8,7"
2016-01-07 15:21:12,59,"5,9","8,7"
2016-01-07 15:51:12,58,"5,9","8,7"
2016-01-07 16:21:12,"58,5","5,9","8,8"
2016-01-07 16:51:12,"57,7","5,9","8,8"
2016-01-07 17:21:12,"58,5","5,9","8,9"
2016-01-07 17:51:12,"57,7","5,9","8,8"
2016-01-07 18:21:12,"58,5","5,9","8,9"
2016-01-07 18:51:12,"57,7","5,9","8,8"
2016-01-07 19:21:12,58,"5,9","8,9"
2016-01-07 19:51:12,"58,5","5,9","8,8"
2016-01-07 20:21:12,"58,1","5,9","8,8"
2016-01-07 20:51:12,"58,5","5,9","8,9"
2016-01-07 21:21:12,"58,5","5,9","8,8"
2016-01-07 21:51:12,"57,7","5,9","8,8"
2016-01-07 22:21:12,58,"5,9","8,8"
2016-01-07 22:51:12,"58,5","5,9","8,8"
2016-01-07 23:21:12,"58,5","5,9","8,7"
2016-01-07 23:51:12,59,"5,9","8,7"
2016-01-08 00:21:12,59,"5,9","8,7"
2016-01-08 00:51:12,58,"5,9","8,6"
2016-01-08 01:21:12,"58,5","5,9","8,7"
2016-01-08 01:51:12,"58,5","5,9","8,6"
2016-01-08 02:21:12,"58,5","5,9","8,6"
2016-01-08 02:51:12,59,"5,9","8,6"
2016-01-08 03:21:12,"58,9","5,9","8,6"
2016-01-08 03:51:12,"58,9","5,9","8,5"
2016-01-08 04:21:12,"58,9","5,9","8,5"
2016-01-08 04:51:12,"58,9","5,9","8,5"
2016-01-08 05:21:12,"58,9","5,9","8,4"
2016-01-08 05:51:12,"58,9","5,9","8,4"
2016-01-08 06:21:12,"58,9","5,9","8,4"
2016-01-08 06:51:12,"58,9","5,9","8,4"
2016-01-08 07:21:12,"58,9","5,9","8,4"
2016-01-08 07:51:12,"58,9","5,9","8,4"
2016-01-08 08:21:12,"58,4","5,9","8,4"
2016-01-08 08:51:12,"58,4","5,9","8,3"
2016-01-08 09:21:12,"58,4","5,9","8,3"
2016-01-08 09:51:12,"58,4","5,9","8,3"
2016-01-08 10:21:12,"58,4","5,9","8,3"
2016-01-08 10:51:12,"58,9","5,9","8,4"
2016-01-08 11:21:12,"58,9","5,9","8,4"
2016-01-08 11:51:12,"58,9","5,9","8,4"
2016-01-08 12:21:12,58,"5,9","8,4"
2016-01-08 12:51:12,"58,4","5,9","8,4"
2016-01-08 13:21:12,"58,4","5,9","8,4"
2016-01-08 13:51:12,"58,9","5,9","8,4"
2016-01-08 14:21:12,"58,9","5,9","8,4"
2016-01-08 14:51:12,58,"5,9","8,4"
2016-01-08 15:21:12,"58,5","5,9","8,5"
2016-01-08 15:51:12,"58,9","5,9","8,5"
2016-01-08 16:21:12,"58,9","5,9","8,5"
2016-01-08 16:51:12,58,"5,9","8,5"
2016-01-08 17:21:12,"58,5","5,9","8,7"
2016-01-08 17:51:12,59,"5,9","8,7"
2016-01-08 18:21:12,58,"5,9","8,7"
2016-01-08 18:51:12,"58,5","5,9","8,8"
2016-01-08 19:21:12,59,"5,9","8,7"
2016-01-08 19:51:12,"58,5","5,9","8,6"
2016-01-08 20:21:12,59,"5,9","8,7"
2016-01-08 20:51:12,58,"5,9","8,7"
2016-01-08 21:21:12,"58,5","5,9","8,8"
2016-01-08 21:51:12,58,"5,9","8,7"
2016-01-08 22:21:12,"58,5","5,9","8,8"
2016-01-08 22:51:12,59,"5,9","8,7"
2016-01-08 23:21:12,58,"5,9","8,7"
2016-01-08 23:51:12,"58,5","5,9","8,8"
2016-01-09 00:21:12,59,"5,9","8,7"
2016-01-09 00:51:12,58,"5,9","8,7"
2016-01-09 01:21:12,59,"5,9","8,8"
2016-01-09 01:51:12,"58,5","5,9","8,7"
2016-01-09 02:21:12,59,"5,9","8,8"
2016-01-09 02:51:12,"58,5","5,9","8,8"
2016-01-09 03:21:12,"58,5","5,9","8,8"
2016-01-09 03:51:12,58,"5,9","8,8"
2016-01-09 04:21:12,"58,5","5,9","8,8"
2016-01-09 04:51:12,59,"5,9","8,8"
2016-01-09 05:21:12,"58,5","5,9","8,8"
2016-01-09 05:51:12,"58,1","5,9","8,8"
2016-01-09 06:21:12,"58,5","5,9","8,9"
2016-01-09 06:51:12,"58,1","5,9","8,8"
2016-01-09 07:21:12,59,"5,9","8,9"
2016-01-09 07:51:12,"58,5","5,9","8,8"
2016-01-09 08:21:12,"58,1","5,9","8,9"
2016-01-09 08:51:12,"58,1","5,9",9
2016-01-09 09:21:12,"58,5","5,9",9
2016-01-09 09:51:12,"58,1","5,9",9
2016-01-09 10:21:12,"58,1","5,9","9,1"
2016-01-09 10:51:12,"58,6","5,9","9,1"
2016-01-09 11:21:12,"57,7","5,9","9,1"
2016-01-09 11:51:12,"58,1","5,9","9,1"
2016-01-09 12:21:12,"58,1","5,9","9,1"
2016-01-09 12:51:12,"57,7","5,9","9,1"
2016-01-09 13:21:12,"58,1","5,9","9,2"
2016-01-09 13:51:12,"58,6","5,9","9,2"
2016-01-09 14:21:12,"58,1","5,9","9,1"
2016-01-09 14:51:12,"57,7","5,9","9,2"
2016-01-09 15:21:12,"58,1","5,9","9,2"
2016-01-09 15:51:12,"58,1","5,9","9,2"
2016-01-09 16:21:12,"58,1","5,9","9,2"
2016-01-09 16:51:12,"57,7","5,9","9,2"
2016-01-09 17:21:12,"58,1","5,9","9,3"
2016-01-09 17:51:12,"58,1","5,9","9,2"
2016-01-09 18:21:12,"58,1","5,9","9,3"
2016-01-09 18:51:12,"58,6","5,9","9,3"
2016-01-09 19:21:12,"58,1","5,9","9,4"
2016-01-09 19:51:12,"58,1","5,9","9,4"
2016-01-09 20:21:12,"58,1","5,9","9,5"
2016-01-09 20:51:12,"58,1","5,9","9,5"
2016-01-09 21:21:12,"58,1","5,9","9,5"
2016-01-09 21:51:12,"58,1","5,9","9,5"
2016-01-09 22:21:12,"58,1","5,9","9,5"
2016-01-09 22:51:12,"58,1","5,9","9,5"
2016-01-09 23:21:12,"58,6","5,9","9,5"
2016-01-09 23:51:12,"58,1","5,9","9,5"
2016-01-10 00:21:12,"58,6","5,9","9,5"
2016-01-10 00:51:12,"58,2","5,9","9,5"
2016-01-10 01:21:12,"58,2","5,9","9,6"
2016-01-10 01:51:12,"58,6","5,9","9,6"
2016-01-10 02:21:12,"58,6","5,9","9,6"
2016-01-10 02:51:12,"58,6","5,9","9,6"
2016-01-10 03:21:12,"58,6","5,9","9,6"
2016-01-10 03:51:12,"58,2","5,9","9,6"
2016-01-10 04:21:12,"58,6","5,9","9,6"
2016-01-10 04:51:12,"58,6","5,9","9,6"
2016-01-10 05:21:12,"59,1","5,9","9,6"
2016-01-10 05:51:12,"58,6","5,9","9,6"
2016-01-10 06:21:12,"58,6","5,9","9,6"
2016-01-10 06:51:12,"58,6","5,9","9,6"
2016-01-10 07:21:12,"59,1","5,9","9,6"
2016-01-10 07:51:12,"58,6","5,9","9,6"
2016-01-10 08:21:12,"59,1","5,9","9,6"
2016-01-10 08:51:12,"58,6","5,9","9,6"
2016-01-10 09:21:12,"58,7","5,9","9,7"
2016-01-10 09:51:12,"58,7","5,9","9,8"
2016-01-10 10:21:12,"58,2","5,9","9,8"
2016-01-10 10:51:12,"58,7","5,9","9,9"
2016-01-10 11:21:12,"58,2","5,9","9,9"
2016-01-10 11:51:12,"58,2","5,9",10
2016-01-10 12:21:12,"58,2","5,9",10
2016-01-10 12:51:12,"57,9","5,9","10,1"
2016-01-10 13:21:12,"58,2","5,9","10,2"
2016-01-10 13:51:12,"57,9","5,9","10,1"
2016-01-10 14:21:12,"57,9","5,9","10,2"
2016-01-10 14:51:12,"58,2","5,9","10,2"
2016-01-10 15:21:12,"58,2","5,9","10,1"
2016-01-10 15:51:12,"58,3","5,9","10,1"
2016-01-10 16:21:12,"58,3","5,9","10,2"
2016-01-10 16:51:12,"58,3","5,9","10,2"
2016-01-10 17:21:12,"58,3","5,9","10,2"
2016-01-10 17:51:12,"58,3","5,9","10,2"
2016-01-10 18:21:12,"57,9","5,9","10,2"
2016-01-10 18:51:12,"57,9","5,9","10,3"
2016-01-10 19:21:12,"58,3","5,9","10,3"
2016-01-10 19:51:12,"57,9","5,9","10,3"
2016-01-10 20:21:12,"58,3","5,9","10,4"
2016-01-10 20:51:12,"58,3","5,9","10,4"
2016-01-10 21:21:12,"58,3","5,9","10,4"
2016-01-10 21:51:12,"58,3","5,9","10,4"
2016-01-10 22:21:12,"58,3","5,9","10,3"
2016-01-10 22:51:12,"58,3","5,9","10,4"
2016-01-10 23:21:12,"58,3","5,9","10,4"
2016-01-10 23:51:12,"58,3","5,9","10,4"
2016-01-11 00:21:12,"58,8","5,9","10,4"
2016-01-11 00:51:12,"58,3","5,9","10,4"
2016-01-11 01:21:12,"58,8","5,9","10,4"
2016-01-11 01:51:12,"58,3","5,9","10,4"
2016-01-11 02:21:12,"58,3","5,9","10,4"
2016-01-11 02:51:12,"58,8","5,9","10,4"
2016-01-11 03:21:12,"58,8","5,9","10,4"
2016-01-11 03:51:12,"58,3","5,9","10,4"
2016-01-11 04:21:12,"58,3","5,9","10,4"
2016-01-11 04:51:12,"58,8","5,9","10,4"
2016-01-11 05:21:12,"58,7","5,9","10,4"
2016-01-11 05:51:12,"58,7","5,9","10,3"
2016-01-11 06:21:12,"58,8","5,9","10,3"
2016-01-11 06:51:12,"58,8","5,9","10,4"
2016-01-11 07:21:12,"59,2","5,9","10,4"
2016-01-11 07:51:12,"58,8","5,9","10,4"
2016-01-11 08:21:12,"58,3","5,9","10,4"
2016-01-11 08:51:12,"59,2","5,9","10,4"
2016-01-11 09:21:12,"58,8","5,9","10,4"
2016-01-11 09:51:12,"58,8","5,9","10,4"
2016-01-11 10:21:12,"58,8","5,9","10,4"
2016-01-11 10:51:12,"59,2","5,9","10,4"
2016-01-11 11:21:12,"58,8","5,9","10,4"
2016-01-11 11:51:12,"58,8","5,9","10,4"
2016-01-11 12:21:12,"58,8","5,9","10,4"
2016-01-11 12:51:12,"59,2","5,9","10,4"
2016-01-11 13:21:12,"58,8","5,9","10,4"
2016-01-11 13:51:12,"58,8","5,9","10,4"
2016-01-11 14:21:12,"59,2","5,9","10,4"
2016-01-11 14:51:12,"59,2","5,9","10,4"
2016-01-11 15:21:12,"59,2","5,9","10,4"
2016-01-11 15:51:12,"59,2","5,9","10,4"
2016-01-11 16:21:12,"59,2","5,9","10,4"
2016-01-11 16:51:12,"59,3","5,9","10,4"
2016-01-11 17:21:12,"59,3","5,9","10,5"
2016-01-11 17:51:12,"59,3","5,9","10,5"
2016-01-11 18:21:12,"58,8","5,9","10,6"
2016-01-11 18:51:12,"58,8","5,9","10,6"
2016-01-11 19:21:12,"58,8","5,9","10,7"
2016-01-11 19:51:12,"58,8","5,9","10,7"
2016-01-11 20:21:12,"58,8","5,9","10,7"
2016-01-11 20:51:12,"59,3","5,9","10,7"
2016-01-11 21:21:12,"59,3","5,9","10,7"
2016-01-11 21:51:12,"59,3","5,9","10,7"
2016-01-11 22:21:12,"59,3","5,9","10,7"
2016-01-11 22:51:12,"59,3","5,9","10,8"
2016-01-11 23:21:12,"59,3","5,9","10,8"
2016-01-11 23:51:12,"59,3","5,9","10,8"
2016-01-12 00:21:12,"59,3","5,9","10,8"
2016-01-12 00:51:12,"59,3","5,9","10,8"
2016-01-12 01:21:12,"59,8","5,9","10,8"
2016-01-12 01:51:12,"59,3","5,9","10,8"
2016-01-12 02:21:12,"59,3","5,9","10,8"
2016-01-12 02:51:12,"59,3","5,9","10,8"
2016-01-12 03:21:12,"59,8","5,9","10,8"
2016-01-12 03:51:12,"59,3","5,9","10,7"
2016-01-12 04:21:12,"59,8","5,9","10,7"
2016-01-12 04:51:12,"59,3","5,9","10,7"
2016-01-12 05:21:12,"59,8","5,9","10,7"
2016-01-12 05:51:12,"59,8","5,9","10,6"
2016-01-12 06:21:12,"59,8","5,9","10,6"
2016-01-12 06:51:12,"59,8","5,9","10,6"
2016-01-12 07:21:12,"59,3","5,9","10,6"
2016-01-12 07:51:12,"59,3","5,9","10,6"
2016-01-12 08:21:12,"59,3","5,9","10,6"
2016-01-12 08:51:12,"59,3","5,9","10,6"
2016-01-12 09:21:12,"59,3","5,9","10,6"
2016-01-12 09:51:12,"59,3","5,9","10,6"
2016-01-12 10:21:12,"59,3","5,9","10,6"
2016-01-12 10:51:12,"59,3","5,9","10,6"
2016-01-12 11:21:12,"59,3","5,9","10,6"
2016-01-12 11:51:12,"59,3","5,9","10,6"
2016-01-12 12:21:12,"59,8","5,9","10,6"
2016-01-12 12:51:12,"59,3","5,9","10,6"
2016-01-12 13:21:12,"59,8","5,9","10,6"
2016-01-12 13:51:12,"59,8","5,9","10,6"
2016-01-12 14:21:12,"59,3","5,9","10,6"
2016-01-12 14:51:12,"59,8","5,9","10,6"
2016-01-12 15:21:12,"59,8","5,9","10,6"
2016-01-12 15:51:12,"63,4","5,9","10,6"
2016-01-12 16:21:12,63,"5,8","10,8"
2016-01-12 16:51:12,63,"5,9","11,1"
2016-01-12 17:21:12,63,"5,9",11
2016-01-12 17:51:12,"62,6","5,9",11
2016-01-12 18:21:12,63,"5,8","10,9"
2016-01-12 18:51:12,63,"5,8","10,8"
2016-01-12 19:21:12,"62,9","5,8","10,8"
2016-01-12 19:51:12,"62,9","5,9","10,7"
2016-01-12 20:21:12,"63,4","5,9","10,7"
2016-01-12 20:51:12,"62,9","5,9","10,6"
2016-01-12 21:21:12,"63,4","5,8","10,6"
2016-01-12 21:51:12,"63,4","5,8","10,5"
2016-01-12 22:21:12,"63,8","5,8","10,5"
2016-01-12 22:51:12,"63,4","5,8","10,4"
2016-01-12 23:21:12,"63,8","5,8","10,4"
2016-01-12 23:51:12,"63,8","5,8","10,4"
2016-01-13 00:21:12,"63,8","5,8","10,4"
2016-01-13 00:51:12,"63,8","5,8","10,4"
2016-01-13 01:21:12,"63,7","5,8","10,4"
2016-01-13 01:51:12,"63,7","5,9","10,3"
2016-01-13 02:21:12,"63,7","5,9","10,3"
2016-01-13 02:51:12,"63,7","5,9","10,3"
2016-01-13 03:21:12,"63,7","5,9","10,2"
2016-01-13 03:51:12,"62,9","5,9","10,2"
2016-01-13 04:21:12,"63,3","5,9","10,3"
2016-01-13 04:51:12,"63,3","5,9","10,2"
2016-01-13 05:21:12,"63,3","5,9","10,2"
2016-01-13 05:51:12,"63,3","5,9","10,1"
2016-01-13 06:21:12,"63,3","5,9","10,2"
2016-01-13 06:51:12,"62,8","5,9","10,1"
2016-01-13 07:21:12,"63,3","5,9","10,1"
2016-01-13 07:51:12,"62,8","5,9","10,1"
2016-01-13 08:21:12,"62,8","5,9","10,1"
2016-01-13 08:51:12,"62,8","5,9",10
2016-01-13 09:21:12,"62,8","5,9",10
2016-01-13 09:51:12,"62,8","5,9",10
2016-01-13 10:21:12,"62,8","5,9",10
2016-01-13 10:51:12,"62,8","5,9",10
2016-01-13 11:21:12,"62,8","5,9",10
2016-01-13 11:51:12,"62,8","5,9","10,1"
2016-01-13 12:21:12,"62,8","5,9","10,1"
2016-01-13 12:51:12,"62,8","5,9","10,1"
2016-01-13 13:21:12,"62,8","5,9",10
2016-01-13 13:51:12,"63,3","5,9","10,1"
2016-01-13 14:21:12,"62,8","5,9",10
2016-01-13 14:51:12,"63,3","5,9",10
2016-01-13 15:21:12,"63,3","5,9",10
2016-01-13 15:51:12,"63,3","5,9","10,1"
2016-01-13 16:21:12,"63,3","5,9","10,1"
2016-01-13 16:51:12,"63,3","5,9","10,1"
2016-01-13 17:21:12,"63,3","5,9","10,1"
2016-01-13 17:51:12,"63,3","5,9","10,2"
2016-01-13 18:21:12,"62,8","5,9","10,1"
2016-01-13 18:51:12,"63,3","5,9","10,1"
2016-01-13 19:21:12,"63,3","5,9","10,1"
2016-01-13 19:51:12,"63,3","5,9","10,1"
2016-01-13 20:21:12,"63,3","5,9","10,1"
2016-01-13 20:51:12,"63,3","5,9","10,1"
2016-01-13 21:21:12,"63,3","5,9","10,1"
2016-01-13 21:51:12,"63,7","5,9",10
2016-01-13 22:21:12,"63,3","5,9",10
2016-01-13 22:51:12,"63,7","5,9",10
2016-01-13 23:21:12,"63,3","5,9",10
2016-01-13 23:51:12,"63,7","5,9",10
2016-01-14 00:21:12,"63,3","5,9",10
2016-01-14 00:51:12,"63,7","5,9",10
2016-01-14 01:21:12,"63,3","5,9",10
2016-01-14 01:51:12,"63,7","5,9",10
2016-01-14 02:21:12,"63,3","5,9",10
2016-01-14 02:51:12,"63,7","5,9",10
2016-01-14 03:21:12,"63,3","5,9","9,9"
2016-01-14 03:51:12,"63,3","5,9","9,9"
2016-01-14 04:21:12,"63,7","5,9","9,9"
2016-01-14 04:51:12,"62,8","5,9","9,8"
2016-01-14 05:21:12,"62,8","5,9","9,9"
2016-01-14 05:51:12,"62,8","5,9","9,8"
2016-01-14 06:21:12,"63,3","5,9","9,8"
2016-01-14 06:51:12,"62,8","5,9","9,8"
2016-01-14 07:21:12,"62,8","5,9","9,8"
2016-01-14 07:51:12,"62,8","5,9","9,8"
2016-01-14 08:21:12,"62,8","5,9","9,8"
2016-01-14 08:51:12,"62,8","5,9","9,7"
2016-01-14 09:21:12,"62,4","5,9","9,7"
2016-01-14 09:51:12,"62,4","5,9","9,7"
2016-01-14 10:21:12,"62,8","5,9","9,7"
2016-01-14 10:51:12,"62,4","5,9","9,7"
2016-01-14 11:21:12,"62,4","5,9","9,8"
2016-01-14 11:51:12,"62,4","5,9","9,7"
2016-01-14 12:21:12,"62,4","5,9","9,8"
2016-01-14 12:51:12,"62,4","5,9","9,7"
2016-01-14 13:21:12,"62,4","5,9","9,7"
2016-01-14 13:51:12,"62,8","5,9","9,7"
2016-01-14 14:21:12,"62,4","5,9","9,7"
2016-01-14 14:51:12,"62,8","5,9","9,7"
2016-01-14 15:21:12,"62,4","5,9","9,7"
2016-01-14 15:51:12,"62,8","5,9","9,7"
2016-01-14 16:21:12,"62,8","5,9","9,6"
2016-01-14 16:51:12,"62,8","5,9","9,7"
2016-01-14 17:21:12,"62,8","5,9","9,7"
2016-01-14 17:51:12,"62,8","5,9","9,7"
2016-01-14 18:21:12,"62,8","5,9","9,7"
2016-01-14 18:51:12,"62,8","5,9","9,7"
2016-01-14 19:21:12,"62,8","5,9","9,7"
2016-01-14 19:51:12,"62,4","5,9","9,7"
2016-01-14 20:21:12,"62,8","5,9","9,7"
2016-01-14 20:51:12,"63,2","5,9","9,6"
2016-01-14 21:21:12,"63,2","5,9","9,6"
2016-01-14 21:51:12,"62,8","5,9","9,6"
2016-01-14 22:21:12,"63,2","5,9","9,6"
2016-01-14 22:51:12,"62,8","5,9","9,6"
2016-01-14 23:21:12,"63,2","5,9","9,6"
2016-01-14 23:51:12,"62,8","5,9","9,6"
2016-01-15 00:21:12,"63,2","5,9","9,6"
2016-01-15 00:51:12,"62,8","5,9","9,6"
2016-01-15 01:21:12,"63,2","5,9","9,6"
2016-01-15 01:51:12,"63,2","5,9","9,6"
2016-01-15 02:21:12,"63,2","5,9","9,6"
2016-01-15 02:51:12,"63,2","5,9","9,6"
2016-01-15 03:21:12,"62,7","5,9","9,6"
2016-01-15 03:51:12,"63,2","5,9","9,5"
2016-01-15 04:21:12,"62,7","5,9","9,5"
2016-01-15 04:51:12,"62,7","5,9","9,5"
2016-01-15 05:21:12,"62,7","5,9","9,5"
2016-01-15 05:51:12,"62,7","5,9","9,5"
2016-01-15 06:21:12,"62,7","5,9","9,4"
2016-01-15 06:51:12,"62,4","5,9","9,4"
2016-01-15 07:21:12,"62,3","5,9","9,5"
2016-01-15 07:51:12,"62,7","5,9","9,4"
2016-01-15 08:21:12,"62,3","5,9","9,4"
2016-01-15 08:51:12,"62,3","5,9","9,4"
2016-01-15 09:21:12,"62,3","5,9","9,4"
2016-01-15 09:51:12,"61,4","5,9","9,4"
2016-01-15 10:21:12,"61,8","5,9","9,4"
2016-01-15 10:51:12,"61,8","5,9","9,4"
2016-01-15 11:21:12,"62,3","5,9","9,4"
2016-01-15 11:51:12,"61,8","5,9","9,4"
2016-01-15 12:21:12,"62,3","5,9","9,4"
2016-01-15 12:51:12,"62,3","5,9","9,4"
2016-01-15 13:21:12,"62,3","5,9","9,4"
2016-01-15 13:51:12,"62,3","5,9","9,4"
2016-01-15 14:21:12,"62,3","5,9","9,4"
2016-01-15 14:51:12,"62,3","5,9","9,4"
2016-01-15 15:21:12,"62,3","5,9","9,4"
2016-01-15 15:51:12,"62,7","5,9","9,4"
2016-01-15 16:21:12,"62,4","5,9","9,4"
2016-01-15 16:51:12,"62,7","5,9","9,5"
2016-01-15 17:21:12,"62,4","5,9","9,5"
2016-01-15 17:51:12,"62,4","5,9","9,6"
2016-01-15 18:21:12,"62,4","5,9","9,5"
2016-01-15 18:51:12,"62,4","5,9","9,6"
2016-01-15 19:21:12,"62,4","5,9","9,5"
2016-01-15 19:51:12,"62,4","5,9","9,5"
2016-01-15 20:21:12,"62,7","5,9","9,5"
2016-01-15 20:51:12,"62,7","5,9","9,4"
2016-01-15 21:21:12,"62,7","5,9","9,4"
2016-01-15 21:51:12,"62,3","5,9","9,4"
2016-01-15 22:21:12,"62,3","5,9","9,4"
2016-01-15 22:51:12,"62,7","5,9","9,4"
2016-01-15 23:21:12,"62,3","5,9","9,3"
2016-01-15 23:51:12,"62,3","5,9","9,4"
2016-01-16 00:21:12,"62,3","5,9","9,3"
2016-01-16 00:51:12,"62,3","5,9","9,3"
2016-01-16 01:21:12,"62,3","5,9","9,3"
2016-01-16 01:51:12,"61,7","5,9","9,2"
2016-01-16 02:21:12,"62,3","5,9","9,3"
2016-01-16 02:51:12,"62,3","5,9","9,2"
2016-01-16 03:21:12,"61,7","5,9","9,2"
2016-01-16 03:51:12,"61,7","5,9","9,2"
2016-01-16 04:21:12,"61,7","5,9","9,2"
2016-01-16 04:51:12,"61,4","5,9","9,2"
2016-01-16 05:21:12,"61,3","5,9","9,2"
2016-01-16 05:51:12,"61,3","5,9","9,1"
2016-01-16 06:21:12,"61,3","5,9","9,1"
2016-01-16 06:51:12,"60,9","5,9","9,1"
2016-01-16 07:21:12,"60,8","5,9","9,1"
2016-01-16 07:51:12,"60,8","5,9",9
2016-01-16 08:21:12,"60,5","5,9",9
2016-01-16 08:51:12,"60,5","5,9",9
2016-01-16 09:21:12,"60,5","5,9",9
2016-01-16 09:51:12,"60,5","5,9",9
2016-01-16 10:21:12,"59,9","5,9",9
2016-01-16 10:51:12,"59,9","5,9","9,1"
2016-01-16 11:21:12,"60,5","5,9",9
2016-01-16 11:51:12,"59,9","5,9","9,1"
2016-01-16 12:21:12,"60,5","5,9","9,1"
2016-01-16 12:51:12,"60,5","5,9","9,1"
2016-01-16 13:21:12,"60,5","5,9","9,1"
2016-01-16 13:51:12,"60,5","5,9","9,1"
2016-01-16 14:21:12,"60,5","5,9","9,1"
2016-01-16 14:51:12,"60,5","5,9","9,1"
2016-01-16 15:21:12,"60,9","5,9","9,1"
2016-01-16 15:51:12,"60,5","5,9","9,1"
2016-01-16 16:21:12,"60,9","5,9","9,1"
2016-01-16 16:51:12,"60,5","5,9","9,1"
2016-01-16 17:21:12,"60,5","5,9","9,1"
2016-01-16 17:51:12,"60,5","5,9","9,2"
2016-01-16 18:21:12,"60,5","5,9","9,1"
2016-01-16 18:51:12,"59,9","5,9","9,1"
2016-01-16 19:21:12,"59,9","5,9","9,2"
2016-01-16 19:51:12,"59,9","5,9","9,2"
2016-01-16 20:21:12,"59,9","5,9","9,1"
2016-01-16 20:51:12,"59,9","5,9","9,1"
2016-01-16 21:21:12,"59,9","5,9","9,1"
2016-01-16 21:51:12,"59,9","5,9","9,1"
2016-01-16 22:21:12,"59,5","5,9",9
2016-01-16 22:51:12,"59,5","5,9",9
2016-01-16 23:21:12,"59,5","5,9",9
2016-01-16 23:51:12,"59,5","5,9",9
2016-01-17 00:21:12,"59,5","5,9","8,9"
2016-01-17 00:51:12,59,"5,9","8,9"
2016-01-17 01:21:12,59,"5,9","8,9"
2016-01-17 01:51:12,59,"5,9","8,9"
2016-01-17 02:21:12,59,"5,9","8,8"
2016-01-17 02:51:12,59,"5,9","8,8"
2016-01-17 03:21:12,59,"5,9","8,8"
2016-01-17 03:51:12,"58,5","5,9","8,8"
2016-01-17 04:21:12,"58,5","5,9","8,8"
2016-01-17 04:51:12,"58,5","5,9","8,8"
2016-01-17 05:21:12,"58,5","5,9","8,7"
2016-01-17 05:51:12,"58,5","5,9","8,7"
2016-01-17 06:21:12,"58,5","5,9","8,6"
2016-01-17 06:51:12,58,"5,9","8,6"
2016-01-17 07:21:12,58,"5,9","8,6"
2016-01-17 07:51:12,"57,6","5,9","8,6"
2016-01-17 08:21:12,"57,6","5,9","8,6"
2016-01-17 08:51:12,"57,6","5,9","8,6"
2016-01-17 09:21:12,"57,6","5,9","8,5"
2016-01-17 09:51:12,"57,6","5,9","8,5"
2016-01-17 10:21:12,"57,6","5,9","8,6"
2016-01-17 10:51:12,"57,6","5,9","8,5"
2016-01-17 11:21:12,"57,6","5,9","8,6"
2016-01-17 11:51:12,57,"5,9","8,6"
2016-01-17 12:21:12,57,"5,9","8,6"
2016-01-17 12:51:12,"57,1","5,9","8,6"
2016-01-17 13:21:12,"57,1","5,9","8,7"
2016-01-17 13:51:12,"57,1","5,9","8,7"
2016-01-17 14:21:12,"57,1","5,9","8,7"
2016-01-17 14:51:12,57,"5,9","8,7"
2016-01-17 15:21:12,"57,1","5,9","8,6"
2016-01-17 15:51:12,"57,1","5,9","8,7"
2016-01-17 16:21:12,"57,1","5,9","8,7"
2016-01-17 16:51:12,"56,7","5,9","8,7"
2016-01-17 17:21:12,"56,7","5,9","8,7"
2016-01-17 17:51:12,"56,7","5,9","8,8"
2016-01-17 18:21:12,"56,1","5,9","8,8"
2016-01-17 18:51:12,"56,7","5,9","8,8"
2016-01-17 19:21:12,"55,7","5,9","8,7"
2016-01-17 19:51:12,"56,1","5,9","8,7"
2016-01-17 20:21:12,"56,7","5,9","8,7"
2016-01-17 20:51:12,"56,7","5,9","8,7"
2016-01-17 21:21:12,"56,1","5,9","8,6"
2016-01-17 21:51:12,57,"5,9","8,6"
2016-01-17 22:21:12,57,"5,9","8,5"
2016-01-17 22:51:12,"57,6","5,9","8,5"
2016-01-17 23:21:12,57,"5,9","8,5"
2016-01-17 23:51:12,"57,6","5,9","8,4"
2016-01-18 00:21:12,57,"5,9","8,4"
2016-01-18 00:51:12,"57,6","5,9","8,4"
2016-01-18 01:21:12,"57,6","5,9","8,4"
2016-01-18 01:51:12,"57,6","5,9","8,3"
2016-01-18 02:21:12,"57,9","5,9","8,3"
2016-01-18 02:51:12,"57,9","5,9","8,2"
2016-01-18 03:21:12,"57,6","5,9","8,2"
2016-01-18 03:51:12,"57,9","5,9","8,2"
2016-01-18 04:21:12,"57,9","5,9","8,2"
2016-01-18 04:51:12,"57,9","5,9","8,2"
2016-01-18 05:21:12,"57,9","5,9","8,1"
2016-01-18 05:51:12,"57,9","5,9","8,1"
2016-01-18 06:21:12,"57,9","5,9","8,1"
2016-01-18 06:51:12,"57,9","5,9",8
2016-01-18 07:21:12,"57,9","5,9",8
2016-01-18 07:51:12,"57,9","5,9",8
2016-01-18 08:21:12,"58,4","5,9",8
2016-01-18 08:51:12,"57,9","5,9",8
2016-01-18 09:21:12,"58,4","5,9","7,9"
2016-01-18 09:51:12,"57,9","5,9","7,9"
2016-01-18 10:21:12,"57,9","5,9",8
2016-01-18 10:51:12,"57,9","5,9",8
2016-01-18 11:21:12,"57,9","5,9",8
2016-01-18 11:51:12,"57,9","5,9",8
2016-01-18 12:21:12,"57,9","5,9",8
2016-01-18 12:51:12,"57,9","5,9",8
2016-01-18 13:21:12,"57,5","5,9",8
2016-01-18 13:51:12,"57,5","5,9",8
2016-01-18 14:21:12,"57,5","5,9",8
2016-01-18 14:51:12,"57,5","5,9",8
2016-01-18 15:21:12,"57,5","5,9",8
2016-01-18 15:51:12,"57,5","5,9",8
2016-01-18 16:21:12,"57,5","5,9",8
2016-01-18 16:51:12,57,"5,9",8
2016-01-18 17:21:12,"57,5","5,9","8,1"
2016-01-18 17:51:12,"57,5","5,9","8,1"
2016-01-18 18:21:12,"57,5","5,9","8,1"
2016-01-18 18:51:12,57,"5,9",8
2016-01-18 19:21:12,"57,5","5,9","8,1"
2016-01-18 19:51:12,"57,9","5,9",8
2016-01-18 20:21:12,"57,9","5,9",8
2016-01-18 20:51:12,"57,9","5,9",8
2016-01-18 21:21:12,"57,9","5,9",8
2016-01-18 21:51:12,"57,5","5,9",8
2016-01-18 22:21:12,"57,9","5,9","7,9"
2016-01-18 22:51:12,"57,9","5,9","7,9"
2016-01-18 23:21:12,"57,9","5,9","7,9"
2016-01-18 23:51:12,"58,3","5,9","7,9"
2016-01-19 00:21:12,"57,9","5,9","7,8"
2016-01-19 00:51:12,"58,3","5,9","7,8"
2016-01-19 01:21:12,"57,9","5,9","7,8"
2016-01-19 01:51:12,"58,3","5,9","7,7"
2016-01-19 02:21:12,"57,9","5,9","7,7"
2016-01-19 02:51:12,"57,9","5,9","7,7"
2016-01-19 03:21:12,"57,9","5,9","7,6"
2016-01-19 03:51:12,"58,3","5,9","7,6"
2016-01-19 04:21:12,"58,3","5,9","7,6"
2016-01-19 04:51:12,"57,8","5,9","7,6"
2016-01-19 05:21:12,"58,3","5,9","7,5"
2016-01-19 05:51:12,"58,3","5,9","7,5"
2016-01-19 06:21:12,"58,8","5,9","7,4"
2016-01-19 06:51:12,"58,3","5,9","7,4"
2016-01-19 07:21:12,"58,8","5,9","7,4"
2016-01-19 07:51:12,"58,8","5,9","7,4"
2016-01-19 08:21:12,"58,8","5,9","7,4"
2016-01-19 08:51:12,"58,8","5,9","7,3"
2016-01-19 09:21:12,"58,8","5,9","7,3"
2016-01-19 09:51:12,"58,3","5,9","7,3"
2016-01-19 10:21:12,"58,3","5,9","7,3"
2016-01-19 10:51:12,"58,8","5,9","7,3"
2016-01-19 11:21:12,"58,3","5,9","7,3"
2016-01-19 11:51:12,"57,8","5,9","7,3"
2016-01-19 12:21:12,"58,3","5,9","7,4"
2016-01-19 12:51:12,"58,3","5,9","7,4"
2016-01-19 13:21:12,"58,3","5,9","7,3"
2016-01-19 13:51:12,"58,3","5,9","7,3"
2016-01-19 14:21:12,"58,3","5,9","7,4"
2016-01-19 14:51:12,"58,3","5,9","7,4"
2016-01-19 15:21:12,"57,4","5,9","7,4"
2016-01-19 15:51:12,"56,9","5,9","7,4"
2016-01-19 16:21:12,"56,9","5,9","7,5"
2016-01-19 16:51:12,"56,9","5,9","7,5"
2016-01-19 17:21:12,"56,9","5,9","7,6"
2016-01-19 17:51:12,"57,5","5,9","7,6"
2016-01-19 18:21:12,"57,9","5,9","7,6"
2016-01-19 18:51:12,"57,9","5,9","7,6"
2016-01-19 19:21:12,"56,9","5,9","7,6"
2016-01-19 19:51:12,"57,5","5,9","7,6"
2016-01-19 20:21:12,"57,8","5,9","7,5"
2016-01-19 20:51:12,"57,8","5,9","7,5"
2016-01-19 21:21:12,"57,8","5,9","7,5"
2016-01-19 21:51:12,"57,8","5,9","7,4"
2016-01-19 22:21:12,"57,8","5,9","7,4"
2016-01-19 22:51:12,"57,8","5,9","7,4"
2016-01-19 23:21:12,"57,8","5,9","7,4"
2016-01-19 23:51:12,"57,8","5,9","7,3"
2016-01-20 00:21:12,"57,8","5,9","7,3"
2016-01-20 00:51:12,"57,4","5,9","7,3"
2016-01-20 01:21:12,"57,4","5,9","7,3"
2016-01-20 01:51:12,"57,8","5,9","7,2"
2016-01-20 02:21:12,"57,8","5,9","7,2"
2016-01-20 02:51:12,"57,8","5,9","7,2"
2016-01-20 03:21:12,"58,3","5,9","7,2"
2016-01-20 03:51:12,"57,8","5,9","7,2"
2016-01-20 04:21:12,"57,8","5,9","7,2"
2016-01-20 04:51:12,"58,2","5,9","7,2"
2016-01-20 05:21:12,"57,8","5,9","7,1"
2016-01-20 05:51:12,"57,8","5,9","7,1"
2016-01-20 06:21:12,"58,2","5,9","7,1"
2016-01-20 06:51:12,"58,2","5,9","7,1"
2016-01-20 07:21:12,"57,8","5,9","7,1"
2016-01-20 07:51:12,"58,2","5,9",7
2016-01-20 08:21:12,"57,8","5,9",7
2016-01-20 08:51:12,"57,8","5,9",7
2016-01-20 09:21:12,"57,4","5,9",7
2016-01-20 09:51:12,"57,4","5,9",7
2016-01-20 10:21:12,"57,4","5,9",7
2016-01-20 10:51:12,"57,4","5,9",7
2016-01-20 11:21:12,"57,4","5,9",7
2016-01-20 11:51:12,"57,4","5,9","7,1"
2016-01-20 12:21:12,"57,4","5,9","7,1"
2016-01-20 12:51:12,"57,8","5,9","7,1"
2016-01-20 13:21:12,"56,8","5,9","7,1"
2016-01-20 13:51:12,"57,4","5,9","7,1"
2016-01-20 14:21:12,"57,8","5,9","7,1"
2016-01-20 14:51:12,"57,8","5,9","7,1"
2016-01-20 15:21:12,"57,4","5,9","7,1"
2016-01-20 15:51:12,"57,4","5,9","7,1"
2016-01-20 16:21:12,"56,8","5,9","7,2"
2016-01-20 16:51:12,"57,4","5,9","7,2"
2016-01-20 17:21:12,"57,4","5,9","7,2"
2016-01-20 17:51:12,"56,8","5,9","7,2"
2016-01-20 18:21:12,"57,4","5,9","7,2"
2016-01-20 18:51:12,"57,8","5,9","7,2"
2016-01-20 19:21:12,"57,8","5,9","7,2"
2016-01-20 19:51:12,"57,8","5,9","7,2"
2016-01-20 20:21:12,"57,8","5,9","7,2"
2016-01-20 20:51:12,"57,4","5,9","7,1"
2016-01-20 21:21:12,"57,4","5,9","7,1"
2016-01-20 21:51:12,"58,2","5,9","7,1"
2016-01-20 22:21:12,"57,8","5,9",7
2016-01-20 22:51:12,"58,2","5,9",7
2016-01-20 23:21:12,"57,8","5,9",7
2016-01-20 23:51:12,"57,8","5,9",7
2016-01-21 00:21:12,"57,7","5,9",7
2016-01-21 00:51:12,"58,2","5,9","6,9"
2016-01-21 01:21:12,"57,7","5,9","6,9"
2016-01-21 01:51:12,"57,7","5,9","6,9"
2016-01-21 02:21:12,"58,2","5,9","6,8"
2016-01-21 02:51:12,"57,7","5,9","6,8"
2016-01-21 03:21:12,"57,7","5,9","6,8"
2016-01-21 03:51:12,"58,2","5,9","6,8"
2016-01-21 04:21:12,"57,7","5,9","6,8"
2016-01-21 04:51:12,"58,2","5,9","6,8"
2016-01-21 05:21:12,"58,2","5,9","6,8"
2016-01-21 05:51:12,"57,7","5,9","6,8"
2016-01-21 06:21:12,"57,7","5,9","6,7"
2016-01-21 06:51:12,"58,2","5,9","6,7"
2016-01-21 07:21:12,"58,2","5,9","6,7"
2016-01-21 07:51:12,"58,2","5,9","6,7"
2016-01-21 08:21:12,"58,2","5,9","6,6"
2016-01-21 08:51:12,"58,2","5,9","6,6"
2016-01-21 09:21:12,"58,2","5,9","6,6"
2016-01-21 09:51:12,"58,2","5,9","6,6"
2016-01-21 10:21:12,"57,7","5,9","6,7"
2016-01-21 10:51:12,"57,3","5,9","6,7"
2016-01-21 11:21:12,"57,7","5,9","6,7"
2016-01-21 11:51:12,"57,3","5,9","6,7"
2016-01-21 12:21:12,"57,3","5,9","6,8"
2016-01-21 12:51:12,"56,8","5,9","6,8"
2016-01-21 13:21:12,"56,8","5,9","6,8"
2016-01-21 13:51:12,"57,7","5,9","6,8"
2016-01-21 14:21:12,"57,3","5,9","6,8"
2016-01-21 14:51:12,"57,3","5,9","6,8"
2016-01-21 15:21:12,"57,3","5,9","6,8"
2016-01-21 15:51:12,"57,3","5,9","6,8"
2016-01-21 16:21:12,"56,8","5,9","6,8"
2016-01-21 16:51:12,"56,8","5,9","6,8"
2016-01-21 17:21:12,"56,8","5,9","6,9"
2016-01-21 17:51:12,"56,8","5,9","6,9"
2016-01-21 18:21:12,"56,8","5,9","6,9"
2016-01-21 18:51:12,"56,8","5,9","6,9"
2016-01-21 19:21:12,"56,8","5,9","6,9"
2016-01-21 19:51:12,"56,8","5,9","6,9"
2016-01-21 20:21:12,"56,8","5,9","6,9"
2016-01-21 20:51:12,"56,8","5,9","6,9"
2016-01-21 21:21:12,"56,8","5,9","6,9"
2016-01-21 21:51:12,"56,8","5,9","6,9"
2016-01-21 22:21:12,"56,8","5,9","6,9"
2016-01-21 22:51:12,"56,8","5,9","6,8"
2016-01-21 23:21:12,"56,8","5,9","6,9"
2016-01-21 23:51:12,"56,8","5,9","6,9"
2016-01-22 00:21:12,"56,8","5,9","6,8"
2016-01-22 00:51:12,"56,8","5,9","6,9"
2016-01-22 01:21:12,"56,8","5,9","6,9"
2016-01-22 01:51:12,"56,8","5,9","6,9"
2016-01-22 02:21:12,"56,8","5,9","6,9"
2016-01-22 02:51:12,"56,8","5,9","6,9"
2016-01-22 03:21:12,"56,8","5,9","6,9"
2016-01-22 03:51:12,"56,8","5,9","6,9"
2016-01-22 04:21:12,"56,8","5,9","6,9"
2016-01-22 04:51:12,"56,8","5,9","6,9"
2016-01-22 05:21:12,"57,4","5,9","6,9"
2016-01-22 05:51:12,"57,4","5,9","6,9"
2016-01-22 06:21:12,"57,4","5,9","6,9"
2016-01-22 06:51:12,"57,4","5,9","6,9"
2016-01-22 07:21:12,"57,3","5,9","6,9"
2016-01-22 07:51:12,"57,3","5,9","6,8"
2016-01-22 08:21:12,"57,7","5,9","6,8"
2016-01-22 08:51:12,"57,3","5,9","6,8"
2016-01-22 09:21:12,"56,8","5,9","6,8"
2016-01-22 09:51:12,"57,7","5,9","6,8"
2016-01-22 10:21:12,"57,4","5,9","6,9"
2016-01-22 10:51:12,"56,8","5,9","6,9"
2016-01-22 11:21:12,"56,8","5,9","6,9"
2016-01-22 11:51:12,"56,8","5,9","6,9"
2016-01-22 12:21:12,"57,4","5,9",7
2016-01-22 12:51:12,"57,4","5,9",7
2016-01-22 13:21:12,"57,4","5,9",7
2016-01-22 13:51:12,"57,4","5,9",7
2016-01-22 14:21:12,"56,8","5,9",7
2016-01-22 14:51:12,"56,8","5,9",7
2016-01-22 15:21:12,"56,8","5,9",7
2016-01-22 15:51:12,"56,8","5,9",7
2016-01-22 16:21:12,"56,8","5,9",7
2016-01-22 16:51:12,"56,8","5,9","7,1"
2016-01-22 17:21:12,"56,8","5,9","7,1"
2016-01-22 17:51:12,"56,8","5,9","7,1"
2016-01-22 18:21:12,"56,8","5,9","7,1"
2016-01-22 18:51:12,"57,4","5,9","7,1"
2016-01-22 19:21:12,"57,4","5,9",7
2016-01-22 19:51:12,"56,8","5,9",7
2016-01-22 20:21:12,"56,8","5,9",7
2016-01-22 20:51:12,"57,8","5,9",7
2016-01-22 21:21:12,"57,4","5,9",7
2016-01-22 21:51:12,"57,4","5,9",7
2016-01-22 22:21:12,"57,7","5,9",7
2016-01-22 22:51:12,"57,4","5,9","6,9"
2016-01-22 23:21:12,"57,7","5,9","6,9"
2016-01-22 23:51:12,"57,4","5,9","6,9"
2016-01-23 00:21:12,"57,7","5,9","6,9"
2016-01-23 00:51:12,"58,2","5,9","6,8"
2016-01-23 01:21:12,"57,7","5,9","6,8"
2016-01-23 01:51:12,"57,3","5,9","6,8"
2016-01-23 02:21:12,"57,7","5,9","6,8"
2016-01-23 02:51:12,"57,7","5,9","6,8"
2016-01-23 03:21:12,"57,3","5,9","6,8"
2016-01-23 03:51:12,"57,3","5,9","6,8"
2016-01-23 04:21:12,"57,7","5,9","6,8"
2016-01-23 04:51:12,"57,7","5,9","6,8"
2016-01-23 05:21:12,"57,3","5,9","6,8"
2016-01-23 05:51:12,"57,3","5,9","6,8"
2016-01-23 06:21:12,"57,7","5,9","6,8"
2016-01-23 06:51:12,"57,7","5,9","6,8"
2016-01-23 07:21:12,"58,2","5,9","6,8"
2016-01-23 07:51:12,"57,7","5,9","6,8"
2016-01-23 08:21:12,"57,3","5,9","6,8"
2016-01-23 08:51:12,"58,2","5,9","6,8"
2016-01-23 09:21:12,"57,7","5,9","6,8"
2016-01-23 09:51:12,"57,3","5,9","6,8"
2016-01-23 10:21:12,"57,3","5,9","6,8"
2016-01-23 10:51:12,"57,3","5,9","6,8"
2016-01-23 11:21:12,"57,3","5,9","6,8"
2016-01-23 11:51:12,"57,7","5,9","6,8"
2016-01-23 12:21:12,"57,7","5,9","6,8"
2016-01-23 12:51:12,"57,3","5,9","6,8"
2016-01-23 13:21:12,"57,3","5,9","6,8"
2016-01-23 13:51:12,"57,3","5,9","6,8"
2016-01-23 14:21:12,"57,3","5,9","6,8"
2016-01-23 14:51:12,"57,7","5,9","6,8"
2016-01-23 15:21:12,"57,7","5,9","6,8"
2016-01-23 15:51:12,"57,7","5,9","6,8"
2016-01-23 16:21:12,"57,7","5,9","6,9"
2016-01-23 16:51:12,"57,8","5,9","6,9"
2016-01-23 17:21:12,"57,4","5,9",7
2016-01-23 17:51:12,"57,4","5,9","6,9"
2016-01-23 18:21:12,"57,4","5,9",7
2016-01-23 18:51:12,"57,4","5,9",7
2016-01-23 19:21:12,"57,4","5,9",7
2016-01-23 19:51:12,"57,4","5,9",7
2016-01-23 20:21:12,"57,4","5,9",7
2016-01-23 20:51:12,"57,4","5,9",7
2016-01-23 21:21:12,"56,8","5,9",7
2016-01-23 21:51:12,"57,4","5,9","6,9"
2016-01-23 22:21:12,"56,8","5,9","6,9"
2016-01-23 22:51:12,"56,8","5,9","6,9"
2016-01-23 23:21:12,"56,8","5,9","6,9"
2016-01-23 23:51:12,"57,3","5,9","6,9"
2016-01-24 00:21:12,"57,3","5,9","6,8"
2016-01-24 00:51:12,"57,3","5,9","6,8"
2016-01-24 01:21:12,"57,3","5,9","6,8"
2016-01-24 01:51:12,"57,7","5,9","6,8"
2016-01-24 02:21:12,"57,7","5,9","6,8"
2016-01-24 02:51:12,"57,3","5,9","6,8"
2016-01-24 03:21:12,"57,3","5,9","6,8"
2016-01-24 03:51:12,"57,3","5,9","6,8"
2016-01-24 04:21:12,"57,7","5,9","6,8"
2016-01-24 04:51:12,"57,3","5,9","6,8"
2016-01-24 05:21:12,"57,3","5,9","6,8"
2016-01-24 05:51:12,"57,3","5,9","6,8"
2016-01-24 06:21:12,"57,7","5,9","6,7"
2016-01-24 06:51:12,"57,3","5,9","6,7"
2016-01-24 07:21:12,"56,8","5,9","6,7"
2016-01-24 07:51:12,"57,7","5,9","6,8"
2016-01-24 08:21:12,"57,7","5,9","6,7"
2016-01-24 08:51:12,"57,3","5,9","6,7"
2016-01-24 09:21:12,"57,7","5,9","6,7"
2016-01-24 09:51:12,"57,3","5,9","6,7"
2016-01-24 10:21:12,"56,8","5,9","6,7"
2016-01-24 10:51:12,"57,7","5,9","6,8"
2016-01-24 11:21:12,"57,3","5,9","6,8"
2016-01-24 11:51:12,"56,8","5,9","6,8"
2016-01-24 12:21:12,"57,7","5,9","6,8"
2016-01-24 12:51:12,"57,3","5,9","6,8"
2016-01-24 13:21:12,"57,3","5,9","6,8"
2016-01-24 13:51:12,"57,3","5,9","6,8"
2016-01-24 14:21:12,"57,3","5,9","6,8"
2016-01-24 14:51:12,"57,3","5,9","6,8"
2016-01-24 15:21:12,"57,3","5,9","6,8"
2016-01-24 15:51:12,"57,4","5,9","6,8"
2016-01-24 16:21:12,"57,4","5,9","6,9"
2016-01-24 16:51:12,"57,4","5,9","6,9"
2016-01-24 17:21:12,"57,4","5,9",7
2016-01-24 17:51:12,"57,4","5,9",7
2016-01-24 18:21:12,"57,4","5,9",7
2016-01-24 18:51:12,"57,4","5,8",7
2016-01-24 19:21:12,"57,4","5,8",7
2016-01-24 19:51:12,"57,4","5,8",7
2016-01-24 20:21:12,"57,4","5,8",7
2016-01-24 20:51:12,"57,4","5,8",7
2016-01-24 21:21:12,"57,4","5,8",7
2016-01-24 21:51:12,"57,4","5,8",7
2016-01-24 22:21:12,"57,4","5,8",7
2016-01-24 22:51:12,"57,4","5,8","6,9"
2016-01-24 23:21:12,"57,4","5,8","6,9"
2016-01-24 23:51:12,"57,4","5,8","6,9"
2016-01-25 00:21:12,"57,3","5,8","6,9"
2016-01-25 00:51:12,"57,3","5,8","6,8"
2016-01-25 01:21:12,"57,3","5,8","6,8"
2016-01-25 01:51:12,"57,3","5,8","6,8"
2016-01-25 02:21:12,"56,8","5,8","6,8"
2016-01-25 02:51:12,"56,8","5,8","6,8"
2016-01-25 03:21:12,"56,8","5,8","6,8"
2016-01-25 03:51:12,"56,8","5,8","6,8"
2016-01-25 04:21:12,"56,8","5,8","6,8"
2016-01-25 04:51:12,"56,8","5,8","6,8"
2016-01-25 05:21:12,"56,8","5,8","6,8"
2016-01-25 05:51:12,"56,8","5,8","6,8"
2016-01-25 06:21:12,"56,8","5,8","6,8"
2016-01-25 06:51:12,"56,4","5,7","6,8"
2016-01-25 07:21:12,"56,4","5,7","6,8"
2016-01-25 07:51:12,"56,4","5,7","6,7"
2016-01-25 08:21:12,"56,4","5,8","6,7"
2016-01-25 08:51:12,"56,4","5,8","6,7"
2016-01-25 09:21:12,"56,8","5,8","6,7"
2016-01-25 09:51:12,"56,8","5,8","6,7"
2016-01-25 10:21:12,"56,8","5,8","6,8"
2016-01-25 10:51:12,"56,8","5,8","6,8"
2016-01-25 11:21:12,"56,8","5,8","6,8"
2016-01-25 11:51:12,"56,8","5,8","6,8"
2016-01-25 12:21:12,"56,8","5,8","6,8"
2016-01-25 12:51:12,"56,8","5,8","6,8"
2016-01-25 13:21:12,"56,8","5,8","6,8"
2016-01-25 13:51:12,"57,3","5,8","6,8"
2016-01-25 14:21:12,"57,3","5,8","6,8"
2016-01-25 14:51:12,"57,3","5,8","6,8"
2016-01-25 15:21:12,"57,3","5,8","6,8"
2016-01-25 15:51:12,"57,3","5,8","6,8"
2016-01-25 16:21:12,"57,4","5,8","6,8"
2016-01-25 16:51:12,"57,7","5,8","6,9"
2016-01-25 17:21:12,"57,8","5,8","6,9"
2016-01-25 17:51:12,"57,8","5,8",7
2016-01-25 18:21:12,"57,8","5,8",7
2016-01-25 18:51:12,"57,8","5,8",7
2016-01-25 19:21:12,"57,8","5,8",7
2016-01-25 19:51:12,"57,8","5,8",7
2016-01-25 20:21:12,"57,7","5,8",7
2016-01-25 20:51:12,"57,7","5,8","6,9"
2016-01-25 21:21:12,"57,7","5,8","6,9"
2016-01-25 21:51:12,"57,7","5,8","6,9"
2016-01-25 22:21:12,"58,2","5,8","6,9"
2016-01-25 22:51:12,"58,2","5,8","6,9"
2016-01-25 23:21:12,"58,2","5,8","6,9"
2016-01-25 23:51:12,"58,2","5,8","6,9"
2016-01-26 00:21:12,"58,2","5,8","6,8"
2016-01-26 00:51:12,"58,2","5,8","6,9"
2016-01-26 01:21:12,"58,2","5,8","6,8"
2016-01-26 01:51:12,"58,2","5,8","6,8"
2016-01-26 02:21:12,"58,2","5,8","6,8"
2016-01-26 02:51:12,"58,2","5,8","6,8"
2016-01-26 03:21:12,"58,2","5,8","6,8"
2016-01-26 03:51:12,"58,2","5,8","6,8"
2016-01-26 04:21:12,"58,2","5,8","6,8"
2016-01-26 04:51:12,"58,2","5,8","6,8"
2016-01-26 05:21:12,"57,7","5,8","6,8"
2016-01-26 05:51:12,"57,7","5,8","6,8"
2016-01-26 06:21:12,"57,7","5,8","6,8"
2016-01-26 06:51:12,"57,7","5,8","6,8"
2016-01-26 07:21:12,"57,7","5,8","6,8"
2016-01-26 07:51:12,"57,7","5,8","6,8"
2016-01-26 08:21:12,"57,7","5,8","6,8"
2016-01-26 08:51:12,"57,7","5,8","6,8"
2016-01-26 09:21:12,"57,7","5,8","6,8"
2016-01-26 09:51:12,"57,7","5,8","6,8"
2016-01-26 10:21:12,"57,7","5,8","6,8"
2016-01-26 10:51:12,"58,2","5,8","6,8"
2016-01-26 11:21:12,"58,2","5,8","6,8"
2016-01-26 11:51:12,"58,2","5,8","6,8"
2016-01-26 12:21:12,"58,2","5,8","6,8"
2016-01-26 12:51:12,"58,2","5,8","6,9"
2016-01-26 13:21:12,"58,2","5,8","6,8"
2016-01-26 13:51:12,"58,7","5,8","6,9"
2016-01-26 14:21:12,"58,7","5,8","6,9"
2016-01-26 14:51:12,"58,7","5,8","6,8"
2016-01-26 15:21:12,"58,7","5,8","6,9"
2016-01-26 15:51:12,"58,7","5,8","6,9"
2016-01-26 16:21:12,"58,7","5,8","6,9"
2016-01-26 16:51:12,"58,7","5,8",7
2016-01-26 17:21:12,"58,7","5,8",7
2016-01-26 17:51:12,"58,7","5,8",7
2016-01-26 18:21:12,"58,7","5,8",7
2016-01-26 18:51:12,"58,7","5,8","7,1"
2016-01-26 19:21:12,"59,2","5,8","7,1"
2016-01-26 19:51:12,"59,2","5,8","7,1"
2016-01-26 20:21:12,"59,2","5,8",7
2016-01-26 20:51:12,"59,2","5,8",7
2016-01-26 21:21:12,"59,2","5,8",7
2016-01-26 21:51:12,"59,2","5,8",7
2016-01-26 22:21:12,"59,6","5,8",7
2016-01-26 22:51:12,"59,6","5,8",7
2016-01-26 23:21:12,"59,6","5,8",7
2016-01-26 23:51:12,"59,6","5,8",7
2016-01-27 00:21:12,"59,6","5,8",7
2016-01-27 00:51:12,"59,6","5,8",7
2016-01-27 01:21:12,"59,6","5,8",7
2016-01-27 01:51:12,"59,5","5,8",7
2016-01-27 02:21:12,"59,5","5,8","6,9"
2016-01-27 02:51:12,"59,5","5,8","6,9"
2016-01-27 03:21:12,"59,5","5,8","6,9"
2016-01-27 03:51:12,"59,5","5,8","6,9"
2016-01-27 04:21:12,"59,5","5,8","6,9"
2016-01-27 04:51:12,"59,5","5,8","6,9"
2016-01-27 05:21:12,"59,5","5,8","6,9"
2016-01-27 05:51:12,"59,5","5,8","6,9"
2016-01-27 06:21:12,"59,5","5,8","6,9"
2016-01-27 06:51:12,"59,5","5,8","6,9"
2016-01-27 07:21:12,"59,5","5,8","6,9"
2016-01-27 07:51:12,"59,5","5,8","6,9"
2016-01-27 08:21:12,"59,5","5,8","6,9"
2016-01-27 08:51:12,"59,5","5,8","6,8"
2016-01-27 09:21:12,"59,5","5,8","6,9"
2016-01-27 09:51:12,"59,5","5,8","6,9"
2016-01-27 10:21:12,"59,5","5,8","6,9"
2016-01-27 10:51:12,"59,6","5,8","6,9"
2016-01-27 11:21:12,"59,6","5,8",7
2016-01-27 11:51:12,"59,6","5,8",7
2016-01-27 12:21:12,"59,6","5,8",7
2016-01-27 12:51:12,"59,6","5,8",7
2016-01-27 13:21:12,"59,6","5,8",7
2016-01-27 13:51:12,"60,1","5,8",7
2016-01-27 14:21:12,"60,1","5,8",7
2016-01-27 14:51:12,"60,2","5,8",7
2016-01-27 15:21:12,"60,2","5,8","7,1"
2016-01-27 15:51:12,"59,2","5,8","7,1"
2016-01-27 16:21:12,"59,2","5,8","7,2"
2016-01-27 16:51:12,"59,6","5,8","7,2"
2016-01-27 17:21:12,"59,6","5,8","7,2"
2016-01-27 17:51:12,"59,6","5,9","7,2"
2016-01-27 18:21:12,"59,6","5,8","7,2"
2016-01-27 18:51:12,"60,2","5,8","7,2"
2016-01-27 19:21:12,"60,2","5,8","7,2"
2016-01-27 19:51:12,"60,2","5,8","7,2"
2016-01-27 20:21:12,"59,2","5,8","7,2"
2016-01-27 20:51:12,"59,6","5,9","7,3"
2016-01-27 21:21:12,"59,6","5,8","7,2"
2016-01-27 21:51:12,"60,2","5,9","7,2"
2016-01-27 22:21:12,"60,2","5,8","7,2"
2016-01-27 22:51:12,"60,5","5,8","7,2"
2016-01-27 23:21:12,"60,2","5,9","7,2"
2016-01-27 23:51:12,"60,5","5,9","7,2"
2016-01-28 00:21:12,"60,5","5,9","7,2"
2016-01-28 00:51:12,"60,2","5,9","7,2"
2016-01-28 01:21:12,"60,2","5,9","7,2"
2016-01-28 01:51:12,"60,5","5,9","7,2"
2016-01-28 02:21:12,"60,5","5,9","7,2"
2016-01-28 02:51:12,"60,2","5,9","7,2"
2016-01-28 03:21:12,"60,5","5,9","7,2"
2016-01-28 03:51:12,"60,5","5,9","7,2"
2016-01-28 04:21:12,"60,5","5,9","7,2"
2016-01-28 04:51:12,"60,5","5,9","7,2"
2016-01-28 05:21:12,"60,5","5,9","7,2"
2016-01-28 05:51:12,"60,5","5,9","7,2"
2016-01-28 06:21:12,"60,5","5,9","7,2"
2016-01-28 06:51:12,"60,5","5,9","7,2"
2016-01-28 07:21:12,"60,2","5,9","7,2"
2016-01-28 07:51:12,"60,5","5,9","7,2"
2016-01-28 08:21:12,"60,5","5,9","7,2"
2016-01-28 08:51:12,61,"5,9","7,2"
2016-01-28 09:21:12,"60,2","5,9","7,2"
2016-01-28 09:51:12,"60,5","5,9","7,2"
2016-01-28 10:21:12,"60,5","5,9","7,2"
2016-01-28 10:51:12,61,"5,9","7,2"
2016-01-28 11:21:12,"60,6","5,9","7,3"
2016-01-28 11:51:12,"60,6","5,9","7,3"
2016-01-28 12:21:12,61,"5,9","7,3"
2016-01-28 12:51:12,"60,6","5,9","7,3"
2016-01-28 13:21:12,"60,6","5,9","7,4"
2016-01-28 13:51:12,61,"5,9","7,3"
2016-01-28 14:21:12,"60,6","5,9","7,3"
2016-01-28 14:51:12,"60,6","5,9","7,3"
2016-01-28 15:21:12,"60,6","5,9","7,4"
2016-01-28 15:51:12,"61,1","5,9","7,4"
2016-01-28 16:21:12,"60,6","5,9","7,4"
2016-01-28 16:51:12,"60,6","5,9","7,4"
2016-01-28 17:21:12,"61,1","5,9","7,4"
2016-01-28 17:51:12,"60,6","5,9","7,4"
2016-01-28 18:21:12,"60,6","5,9","7,5"
2016-01-28 18:51:12,"61,1","5,9","7,5"
2016-01-28 19:21:12,"60,2","5,9","7,5"
2016-01-28 19:51:12,"60,6","5,9","7,6"
2016-01-28 20:21:12,"61,1","5,9","7,5"
2016-01-28 20:51:12,"61,1","5,9","7,5"
2016-01-28 21:21:12,"61,4","5,9","7,5"
2016-01-28 21:51:12,"61,1","5,9","7,5"
2016-01-28 22:21:12,"61,4","5,9","7,5"
2016-01-28 22:51:12,"61,4","5,9","7,5"
2016-01-28 23:21:12,"61,4","5,9","7,4"
2016-01-28 23:51:12,"61,4","5,9","7,5"
2016-01-29 00:21:12,62,"5,9","7,4"
2016-01-29 00:51:12,"61,1","5,9","7,4"
2016-01-29 01:21:12,"61,1","5,9","7,5"
2016-01-29 01:51:12,"61,4","5,9","7,5"
2016-01-29 02:21:12,62,"5,9","7,5"
2016-01-29 02:51:12,62,"5,9","7,4"
2016-01-29 03:21:12,62,"5,9","7,4"
2016-01-29 03:51:12,"61,4","5,9","7,4"
2016-01-29 04:21:12,62,"5,9","7,4"
2016-01-29 04:51:12,62,"5,9","7,4"
2016-01-29 05:21:12,"61,4","5,9","7,4"
2016-01-29 05:51:12,62,"5,9","7,4"
2016-01-29 06:21:12,62,"5,9","7,4"
2016-01-29 06:51:12,"61,4","5,9","7,4"
2016-01-29 07:21:12,62,"5,9","7,4"
2016-01-29 07:51:12,62,"5,9","7,4"
2016-01-29 08:21:12,"61,4","5,9","7,4"
2016-01-29 08:51:12,62,"5,9","7,4"
2016-01-29 09:21:12,62,"5,9","7,4"
2016-01-29 09:51:12,62,"5,9","7,5"
2016-01-29 10:21:12,"61,4","5,9","7,5"
2016-01-29 10:51:12,62,"5,9","7,5"
2016-01-29 11:21:12,62,"5,9","7,5"
2016-01-29 11:51:12,"61,5","5,9","7,5"
2016-01-29 12:21:12,"61,5","5,9","7,6"
2016-01-29 12:51:12,62,"5,9","7,6"
2016-01-29 13:21:12,"61,1","5,9","7,6"
2016-01-29 13:51:12,"61,5","5,9","7,6"
2016-01-29 14:21:12,"61,5","5,9","7,6"
2016-01-29 14:51:12,62,"5,9","7,6"
2016-01-29 15:21:12,62,"5,9","7,6"
2016-01-29 15:51:12,"60,6","5,9","7,6"
2016-01-29 16:21:12,"61,1","5,9","7,8"
2016-01-29 16:51:12,"61,5","5,9","7,9"
2016-01-29 17:21:12,"61,5","5,9","7,9"
2016-01-29 17:51:12,"62,1","5,9",8
2016-01-29 18:21:12,"61,5","5,9","7,9"
2016-01-29 18:51:12,"62,1","5,9",8
2016-01-29 19:21:12,"62,1","5,9","7,9"
2016-01-29 19:51:12,"61,5","5,9","7,9"
2016-01-29 20:21:12,"62,1","5,9","7,9"
2016-01-29 20:51:12,"62,5","5,9","7,9"
2016-01-29 21:21:12,"62,1","5,9","7,9"
2016-01-29 21:51:12,"62,5","5,9","7,9"
2016-01-29 22:21:12,"62,5","5,9","7,9"
2016-01-29 22:51:12,"62,5","5,9","7,9"
2016-01-29 23:21:12,"62,9","5,9","7,9"
2016-01-29 23:51:12,"62,5","5,9","7,9"
2016-01-30 00:21:12,"62,9","5,9","7,9"
2016-01-30 00:51:12,"62,9","5,9","7,9"
2016-01-30 01:21:12,"62,9","5,9","7,9"
2016-01-30 01:51:12,"62,9","5,9","7,9"
2016-01-30 02:21:12,"62,9","5,9","7,9"
2016-01-30 02:51:12,"62,9","5,9","7,9"
2016-01-30 03:21:12,"62,9","5,9","7,9"
2016-01-30 03:51:12,63,"5,9","7,9"
2016-01-30 04:21:12,"62,9","5,9",8
2016-01-30 04:51:12,"63,3","5,9","7,9"
2016-01-30 05:21:12,63,"5,9","7,9"
2016-01-30 05:51:12,"63,3","5,9",8
2016-01-30 06:21:12,63,"5,9",8
2016-01-30 06:51:12,"63,3","5,9",8
2016-01-30 07:21:12,"63,3","5,9",8
2016-01-30 07:51:12,"63,3","5,9",8
2016-01-30 08:21:12,"63,3","5,9",8
2016-01-30 08:51:12,63,"5,9",8
2016-01-30 09:21:12,"63,3","5,9",8
2016-01-30 09:51:12,"63,3","5,9",8
2016-01-30 10:21:12,63,"5,9",8
2016-01-30 10:51:12,63,"5,9","8,1"
2016-01-30 11:21:12,"63,4","5,9","8,1"
2016-01-30 11:51:12,63,"5,9","8,1"
2016-01-30 12:21:12,63,"5,9","8,1"
2016-01-30 12:51:12,63,"5,9","8,1"
2016-01-30 13:21:12,63,"5,9","8,1"
2016-01-30 13:51:12,"63,4","5,9","8,1"
2016-01-30 14:21:12,63,"5,9","8,1"
2016-01-30 14:51:12,63,"5,9","8,1"
2016-01-30 15:21:12,63,"5,9","8,1"
2016-01-30 15:51:12,63,"5,9","8,1"
2016-01-30 16:21:12,63,"5,9","8,2"
2016-01-30 16:51:12,63,"5,9","8,2"
2016-01-30 17:21:12,"63,4","5,9","8,2"
2016-01-30 17:51:12,"63,4","5,9","8,2"
2016-01-30 18:21:12,"63,4","5,9","8,2"
2016-01-30 18:51:12,"63,8","5,9","8,2"
2016-01-30 19:21:12,"63,8","5,9","8,2"
2016-01-30 19:51:12,"63,8","5,9","8,3"
2016-01-30 20:21:12,"63,8","5,9","8,3"
2016-01-30 20:51:12,63,"5,9","8,3"
2016-01-30 21:21:12,"63,4","5,9","8,4"
2016-01-30 21:51:12,"64,4","5,9","8,4"
2016-01-30 22:21:12,"63,8","5,9","8,3"
2016-01-30 22:51:12,"64,4","5,9","8,4"
2016-01-30 23:21:12,"64,4","5,9","8,3"
2016-01-30 23:51:12,"64,4","5,9","8,4"
2016-01-31 00:21:12,"64,4","5,9","8,3"
2016-01-31 00:51:12,"64,4","5,9","8,4"
2016-01-31 01:21:12,"64,4","5,9","8,4"
2016-01-31 01:51:12,"64,4","5,9","8,4"
2016-01-31 02:21:12,"64,4","5,9","8,4"
2016-01-31 02:51:12,"63,8","5,9","8,4"
2016-01-31 03:21:12,"64,4","5,9","8,4"
2016-01-31 03:51:12,"64,4","5,9","8,4"
2016-01-31 04:21:12,"64,4","5,9","8,4"
2016-01-31 04:51:12,"64,4","5,9","8,4"
2016-01-31 05:21:12,"64,4","5,9","8,4"
2016-01-31 05:51:12,"64,4","5,9","8,4"
2016-01-31 06:21:12,"64,4","5,9","8,4"
2016-01-31 06:51:12,"64,4","5,9","8,4"
2016-01-31 07:21:12,"65,2","5,9","8,4"
2016-01-31 07:51:12,"64,8","5,9","8,4"
2016-01-31 08:21:12,"65,2","5,9","8,5"
2016-01-31 08:51:12,"65,2","5,9","8,4"
2016-01-31 09:21:12,"65,3","5,9","8,5"
2016-01-31 09:51:12,"65,6","5,9","8,6"
2016-01-31 10:21:12,"65,3","5,9","8,6"
2016-01-31 10:51:12,"65,7","5,9","8,6"
2016-01-31 11:21:12,"65,7","5,9","8,7"
2016-01-31 11:51:12,"65,3","5,9","8,8"
2016-01-31 12:21:12,"65,7","5,9","8,8"
2016-01-31 12:51:12,"65,7","5,9","8,8"
2016-01-31 13:21:12,"66,2","5,9","8,9"
2016-01-31 13:51:12,"65,7","5,9","8,9"
2016-01-31 14:21:12,"65,3","5,9","8,9"
2016-01-31 14:51:12,"65,7","5,9","8,9"
2016-01-31 15:21:12,"65,3","5,9","8,9"
2016-01-31 15:51:12,"65,7","5,9",9
2016-01-31 16:21:12,"65,3","5,9",9
2016-01-31 16:51:12,"65,3","5,9",9
2016-01-31 17:21:12,"65,7","5,9",9
2016-01-31 17:51:12,"65,7","5,9",9
2016-01-31 18:21:12,"65,7","5,9","9,1"
2016-01-31 18:51:12,"65,7","5,9",9
2016-01-31 19:21:12,"66,2","5,9","9,1"
2016-01-31 19:51:12,"66,2","5,9","9,1"
2016-01-31 20:21:12,"66,2","5,9","9,1"
2016-01-31 20:51:12,"66,2","5,9","9,1"
2016-01-31 21:21:12,"66,6","5,9","9,1"
2016-01-31 21:51:12,"66,6","5,9","9,1"
2016-01-31 22:21:12,"65,7","5,9","9,1"
2016-01-31 22:51:12,"66,6","5,9","9,1"
2016-01-31 23:21:12,"66,2","5,9","9,1"
2016-01-31 23:21:13,"67,2","6,9","10,1"
